Workbook

Sheet Yetkilendirme ve Beyan Takip
A1: İL | B1: İLÇE | C1: MAHALLE | D1: ALAN | E1: ADA | F1: PARSEL | G1: Kod | H1: TAPU ID | I1: SATIŞ DURUM | J1: 1. MÜŞTERİ | K1: BEYAN | L1: EİDS YETKİ BİTİŞ | M1: 2. MÜŞTERİ | N1: BEYAN | O1: EİDS YETKİ BİTİŞ | P1: 3. MÜŞTERİ | Q1: BEYAN | R1: EİDS YETKİ BİTİŞ
A2: BALIKESİR | B2: SUSURLUK | C2: REŞADİYE | D2: 303.39 | E2: 159 | F2: 8 | G2: =C2&E2&F2 -> REŞADİYE1598 | I2: =IF(VLOOKUP(G2,'Bereketli Satış'!J:AK,5,0)="","",VLOOKUP(G2,'Bereketli Satış'!J:AK,5,0)) -> #N/A | J2: =IF(VLOOKUP(G2,'Bereketli Satış'!J:AK,28,0)="","",VLOOKUP(G2,'Bereketli Satış'!J:AK,28,0)) -> #N/A | M2: =IF(VLOOKUP(G2,'Bereketli Satış'!J:AK,30,0)="","",VLOOKUP(G2,'Bereketli Satış'!J:AK,30,0)) -> #N/A | P2: =IF(VLOOKUP(G2,'Bereketli Satış'!J:AK,32,0)="","",VLOOKUP(G2,'Bereketli Satış'!J:AK,32,0)) -> #N/A
A3: BALIKESİR | B3: SUSURLUK | C3: REŞADİYE | D3: 312.8 | E3: 158 | F3: 8 | G3: =C3&E3&F3 -> REŞADİYE1588 | I3: =IF(VLOOKUP(G3,'Bereketli Satış'!J:AK,5,0)="","",VLOOKUP(G3,'Bereketli Satış'!J:AK,5,0)) -> #N/A | J3: =IF(VLOOKUP(G3,'Bereketli Satış'!J:AK,28,0)="","",VLOOKUP(G3,'Bereketli Satış'!J:AK,28,0)) -> #N/A | M3: =IF(VLOOKUP(G3,'Bereketli Satış'!J:AK,30,0)="","",VLOOKUP(G3,'Bereketli Satış'!J:AK,30,0)) -> #N/A | P3: =IF(VLOOKUP(G3,'Bereketli Satış'!J:AK,32,0)="","",VLOOKUP(G3,'Bereketli Satış'!J:AK,32,0)) -> #N/A
A4: BALIKESİR | B4: SUSURLUK | C4: REŞADİYE | D4: 387.93 | E4: 159 | F4: 7 | G4: =C4&E4&F4 -> REŞADİYE1597 | I4: =IF(VLOOKUP(G4,'Bereketli Satış'!J:AK,5,0)="","",VLOOKUP(G4,'Bereketli Satış'!J:AK,5,0)) -> #N/A | J4: =IF(VLOOKUP(G4,'Bereketli Satış'!J:AK,28,0)="","",VLOOKUP(G4,'Bereketli Satış'!J:AK,28,0)) -> #N/A | M4: =IF(VLOOKUP(G4,'Bereketli Satış'!J:AK,30,0)="","",VLOOKUP(G4,'Bereketli Satış'!J:AK,30,0)) -> #N/A | P4: =IF(VLOOKUP(G4,'Bereketli Satış'!J:AK,32,0)="","",VLOOKUP(G4,'Bereketli Satış'!J:AK,32,0)) -> #N/A
A5: BALIKESİR | B5: SUSURLUK | C5: REŞADİYE | D5: 298 | E5: 163 | F5: 15 | G5: =C5&E5&F5 -> REŞADİYE16315 | I5: =IF(VLOOKUP(G5,'Bereketli Satış'!J:AK,5,0)="","",VLOOKUP(G5,'Bereketli Satış'!J:AK,5,0)) -> #N/A | J5: =IF(VLOOKUP(G5,'Bereketli Satış'!J:AK,28,0)="","",VLOOKUP(G5,'Bereketli Satış'!J:AK,28,0)) -> #N/A | M5: =IF(VLOOKUP(G5,'Bereketli Satış'!J:AK,30,0)="","",VLOOKUP(G5,'Bereketli Satış'!J:AK,30,0)) -> #N/A | P5: =IF(VLOOKUP(G5,'Bereketli Satış'!J:AK,32,0)="","",VLOOKUP(G5,'Bereketli Satış'!J:AK,32,0)) -> #N/A
A6: BALIKESİR | B6: SUSURLUK | C6: REŞADİYE | D6: 406.75 | E6: 159 | F6: 6 | G6: =C6&E6&F6 -> REŞADİYE1596 | I6: =IF(VLOOKUP(G6,'Bereketli Satış'!J:AK,5,0)="","",VLOOKUP(G6,'Bereketli Satış'!J:AK,5,0)) -> #N/A | J6: =IF(VLOOKUP(G6,'Bereketli Satış'!J:AK,28,0)="","",VLOOKUP(G6,'Bereketli Satış'!J:AK,28,0)) -> #N/A | M6: =IF(VLOOKUP(G6,'Bereketli Satış'!J:AK,30,0)="","",VLOOKUP(G6,'Bereketli Satış'!J:AK,30,0)) -> #N/A | P6: =IF(VLOOKUP(G6,'Bereketli Satış'!J:AK,32,0)="","",VLOOKUP(G6,'Bereketli Satış'!J:AK,32,0)) -> #N/A
A7: BALIKESİR | B7: SUSURLUK | C7: REŞADİYE | D7: 283.59 | E7: 169 | F7: 7 | G7: =C7&E7&F7 -> REŞADİYE1697 | I7: =IF(VLOOKUP(G7,'Bereketli Satış'!J:AK,5,0)="","",VLOOKUP(G7,'Bereketli Satış'!J:AK,5,0)) -> #N/A | J7: =IF(VLOOKUP(G7,'Bereketli Satış'!J:AK,28,0)="","",VLOOKUP(G7,'Bereketli Satış'!J:AK,28,0)) -> #N/A | M7: =IF(VLOOKUP(G7,'Bereketli Satış'!J:AK,30,0)="","",VLOOKUP(G7,'Bereketli Satış'!J:AK,30,0)) -> #N/A | P7: =IF(VLOOKUP(G7,'Bereketli Satış'!J:AK,32,0)="","",VLOOKUP(G7,'Bereketli Satış'!J:AK,32,0)) -> #N/A
A8: BALIKESİR | B8: SUSURLUK | C8: REŞADİYE | D8: 283.59 | E8: 169 | F8: 8 | G8: =C8&E8&F8 -> REŞADİYE1698 | I8: =IF(VLOOKUP(G8,'Bereketli Satış'!J:AK,5,0)="","",VLOOKUP(G8,'Bereketli Satış'!J:AK,5,0)) -> #N/A | J8: =IF(VLOOKUP(G8,'Bereketli Satış'!J:AK,28,0)="","",VLOOKUP(G8,'Bereketli Satış'!J:AK,28,0)) -> #N/A | M8: =IF(VLOOKUP(G8,'Bereketli Satış'!J:AK,30,0)="","",VLOOKUP(G8,'Bereketli Satış'!J:AK,30,0)) -> #N/A | P8: =IF(VLOOKUP(G8,'Bereketli Satış'!J:AK,32,0)="","",VLOOKUP(G8,'Bereketli Satış'!J:AK,32,0)) -> #N/A
A9: BALIKESİR | B9: SUSURLUK | C9: REŞADİYE | D9: 510.06 | E9: 178 | F9: 11 | G9: =C9&E9&F9 -> REŞADİYE17811 | I9: =IF(VLOOKUP(G9,'Bereketli Satış'!J:AK,5,0)="","",VLOOKUP(G9,'Bereketli Satış'!J:AK,5,0)) -> #N/A | J9: =IF(VLOOKUP(G9,'Bereketli Satış'!J:AK,28,0)="","",VLOOKUP(G9,'Bereketli Satış'!J:AK,28,0)) -> #N/A | M9: =IF(VLOOKUP(G9,'Bereketli Satış'!J:AK,30,0)="","",VLOOKUP(G9,'Bereketli Satış'!J:AK,30,0)) -> #N/A | P9: =IF(VLOOKUP(G9,'Bereketli Satış'!J:AK,32,0)="","",VLOOKUP(G9,'Bereketli Satış'!J:AK,32,0)) -> #N/A
A10: BALIKESİR | B10: SUSURLUK | C10: REŞADİYE | D10: 349.22 | E10: 158 | F10: 18 | G10: =C10&E10&F10 -> REŞADİYE15818 | I10: =IF(VLOOKUP(G10,'Bereketli Satış'!J:AK,5,0)="","",VLOOKUP(G10,'Bereketli Satış'!J:AK,5,0)) -> #N/A | J10: =IF(VLOOKUP(G10,'Bereketli Satış'!J:AK,28,0)="","",VLOOKUP(G10,'Bereketli Satış'!J:AK,28,0)) -> #N/A | M10: =IF(VLOOKUP(G10,'Bereketli Satış'!J:AK,30,0)="","",VLOOKUP(G10,'Bereketli Satış'!J:AK,30,0)) -> #N/A | P10: =IF(VLOOKUP(G10,'Bereketli Satış'!J:AK,32,0)="","",VLOOKUP(G10,'Bereketli Satış'!J:AK,32,0)) -> #N/A
A11: BALIKESİR | B11: SUSURLUK | C11: REŞADİYE | D11: 740.83 | E11: 162 | F11: 11 | G11: =C11&E11&F11 -> REŞADİYE16211 | I11: =IF(VLOOKUP(G11,'Bereketli Satış'!J:AK,5,0)="","",VLOOKUP(G11,'Bereketli Satış'!J:AK,5,0)) -> #N/A | J11: =IF(VLOOKUP(G11,'Bereketli Satış'!J:AK,28,0)="","",VLOOKUP(G11,'Bereketli Satış'!J:AK,28,0)) -> #N/A | M11: =IF(VLOOKUP(G11,'Bereketli Satış'!J:AK,30,0)="","",VLOOKUP(G11,'Bereketli Satış'!J:AK,30,0)) -> #N/A | P11: =IF(VLOOKUP(G11,'Bereketli Satış'!J:AK,32,0)="","",VLOOKUP(G11,'Bereketli Satış'!J:AK,32,0)) -> #N/A
A12: BALIKESİR | B12: SUSURLUK | C12: REŞADİYE | D12: 537.68 | E12: 162 | F12: 2 | G12: =C12&E12&F12 -> REŞADİYE1622 | I12: =IF(VLOOKUP(G12,'Bereketli Satış'!J:AK,5,0)="","",VLOOKUP(G12,'Bereketli Satış'!J:AK,5,0)) -> #N/A | J12: =IF(VLOOKUP(G12,'Bereketli Satış'!J:AK,28,0)="","",VLOOKUP(G12,'Bereketli Satış'!J:AK,28,0)) -> #N/A | M12: =IF(VLOOKUP(G12,'Bereketli Satış'!J:AK,30,0)="","",VLOOKUP(G12,'Bereketli Satış'!J:AK,30,0)) -> #N/A | P12: =IF(VLOOKUP(G12,'Bereketli Satış'!J:AK,32,0)="","",VLOOKUP(G12,'Bereketli Satış'!J:AK,32,0)) -> #N/A
A13: BALIKESİR | B13: SUSURLUK | C13: REŞADİYE | D13: 740.38 | E13: 163 | F13: 3 | G13: =C13&E13&F13 -> REŞADİYE1633 | I13: =IF(VLOOKUP(G13,'Bereketli Satış'!J:AK,5,0)="","",VLOOKUP(G13,'Bereketli Satış'!J:AK,5,0)) -> #N/A | J13: =IF(VLOOKUP(G13,'Bereketli Satış'!J:AK,28,0)="","",VLOOKUP(G13,'Bereketli Satış'!J:AK,28,0)) -> #N/A | M13: =IF(VLOOKUP(G13,'Bereketli Satış'!J:AK,30,0)="","",VLOOKUP(G13,'Bereketli Satış'!J:AK,30,0)) -> #N/A | P13: =IF(VLOOKUP(G13,'Bereketli Satış'!J:AK,32,0)="","",VLOOKUP(G13,'Bereketli Satış'!J:AK,32,0)) -> #N/A
... A85: BALIKESİR | B85: SUSURLUK | C85: REŞADİYE | D85: 273.05 | E85: 158 | F85: 10 | G85: =C85&E85&F85 -> REŞADİYE15810 | I85: =IF(VLOOKUP(G85,'Bereketli Satış'!J:AK,5,0)="","",VLOOKUP(G85,'Bereketli Satış'!J:AK,5,0)) -> #N/A | J85: =IF(VLOOKUP(G85,'Bereketli Satış'!J:AK,28,0)="","",VLOOKUP(G85,'Bereketli Satış'!J:AK,28,0)) -> #N/A | M85: =IF(VLOOKUP(G85,'Bereketli Satış'!J:AK,30,0)="","",VLOOKUP(G85,'Bereketli Satış'!J:AK,30,0)) -> #N/A | P85: =IF(VLOOKUP(G85,'Bereketli Satış'!J:AK,32,0)="","",VLOOKUP(G85,'Bereketli Satış'!J:AK,32,0)) -> #N/A
A86: BALIKESİR | B86: DURSUNBEY | C86: DELİCE | D86: 307.74 | E86: 670 | F86: 4 | G86: =C86&E86&F86 -> DELİCE6704 | H86: 132224608 | I86: =IF(VLOOKUP(G86,'Bereketli Satış'!J:AK,5,0)="","",VLOOKUP(G86,'Bereketli Satış'!J:AK,5,0)) -> #N/A | J86: =IF(VLOOKUP(G86,'Bereketli Satış'!J:AK,28,0)="","",VLOOKUP(G86,'Bereketli Satış'!J:AK,28,0)) -> #N/A | L86: 46477 | M86: =IF(VLOOKUP(G86,'Bereketli Satış'!J:AK,30,0)="","",VLOOKUP(G86,'Bereketli Satış'!J:AK,30,0)) -> #N/A | P86: =IF(VLOOKUP(G86,'Bereketli Satış'!J:AK,32,0)="","",VLOOKUP(G86,'Bereketli Satış'!J:AK,32,0)) -> #N/A
A87: BALIKESİR | B87: SINDIRGI | C87: İBİLLER | D87: 305 | E87: 111 | F87: 14 | G87: =C87&E87&F87 -> İBİLLER11114 | I87: =IF(VLOOKUP(G87,'Bereketli Satış'!J:AK,5,0)="","",VLOOKUP(G87,'Bereketli Satış'!J:AK,5,0)) -> #N/A | J87: =IF(VLOOKUP(G87,'Bereketli Satış'!J:AK,28,0)="","",VLOOKUP(G87,'Bereketli Satış'!J:AK,28,0)) -> #N/A | M87: =IF(VLOOKUP(G87,'Bereketli Satış'!J:AK,30,0)="","",VLOOKUP(G87,'Bereketli Satış'!J:AK,30,0)) -> #N/A | P87: =IF(VLOOKUP(G87,'Bereketli Satış'!J:AK,32,0)="","",VLOOKUP(G87,'Bereketli Satış'!J:AK,32,0)) -> #N/A
A88: BALIKESİR | B88: SINDIRGI | C88: İBİLLER | D88: 305 | E88: 111 | F88: 15 | G88: =C88&E88&F88 -> İBİLLER11115 | I88: =IF(VLOOKUP(G88,'Bereketli Satış'!J:AK,5,0)="","",VLOOKUP(G88,'Bereketli Satış'!J:AK,5,0)) -> #N/A | J88: =IF(VLOOKUP(G88,'Bereketli Satış'!J:AK,28,0)="","",VLOOKUP(G88,'Bereketli Satış'!J:AK,28,0)) -> #N/A | M88: =IF(VLOOKUP(G88,'Bereketli Satış'!J:AK,30,0)="","",VLOOKUP(G88,'Bereketli Satış'!J:AK,30,0)) -> #N/A | P88: =IF(VLOOKUP(G88,'Bereketli Satış'!J:AK,32,0)="","",VLOOKUP(G88,'Bereketli Satış'!J:AK,32,0)) -> #N/A
A89: BALIKESİR | B89: SINDIRGI | C89: İBİLLER | D89: 305 | E89: 111 | F89: 24 | G89: =C89&E89&F89 -> İBİLLER11124 | I89: =IF(VLOOKUP(G89,'Bereketli Satış'!J:AK,5,0)="","",VLOOKUP(G89,'Bereketli Satış'!J:AK,5,0)) -> #N/A | J89: =IF(VLOOKUP(G89,'Bereketli Satış'!J:AK,28,0)="","",VLOOKUP(G89,'Bereketli Satış'!J:AK,28,0)) -> #N/A | M89: =IF(VLOOKUP(G89,'Bereketli Satış'!J:AK,30,0)="","",VLOOKUP(G89,'Bereketli Satış'!J:AK,30,0)) -> #N/A | P89: =IF(VLOOKUP(G89,'Bereketli Satış'!J:AK,32,0)="","",VLOOKUP(G89,'Bereketli Satış'!J:AK,32,0)) -> #N/A
A90: BALIKESİR | B90: SINDIRGI | C90: İBİLLER | D90: 305 | E90: 111 | F90: 25 | G90: =C90&E90&F90 -> İBİLLER11125 | I90: =IF(VLOOKUP(G90,'Bereketli Satış'!J:AK,5,0)="","",VLOOKUP(G90,'Bereketli Satış'!J:AK,5,0)) -> #N/A | J90: =IF(VLOOKUP(G90,'Bereketli Satış'!J:AK,28,0)="","",VLOOKUP(G90,'Bereketli Satış'!J:AK,28,0)) -> #N/A | M90: =IF(VLOOKUP(G90,'Bereketli Satış'!J:AK,30,0)="","",VLOOKUP(G90,'Bereketli Satış'!J:AK,30,0)) -> #N/A | P90: =IF(VLOOKUP(G90,'Bereketli Satış'!J:AK,32,0)="","",VLOOKUP(G90,'Bereketli Satış'!J:AK,32,0)) -> #N/A
A91: BALIKESİR | B91: SINDIRGI | C91: İBİLLER | D91: 309.19 | E91: 116 | F91: 22 | G91: =C91&E91&F91 -> İBİLLER11622 | I91: =IF(VLOOKUP(G91,'Bereketli Satış'!J:AK,5,0)="","",VLOOKUP(G91,'Bereketli Satış'!J:AK,5,0)) -> #N/A | J91: =IF(VLOOKUP(G91,'Bereketli Satış'!J:AK,28,0)="","",VLOOKUP(G91,'Bereketli Satış'!J:AK,28,0)) -> #N/A | M91: =IF(VLOOKUP(G91,'Bereketli Satış'!J:AK,30,0)="","",VLOOKUP(G91,'Bereketli Satış'!J:AK,30,0)) -> #N/A | P91: =IF(VLOOKUP(G91,'Bereketli Satış'!J:AK,32,0)="","",VLOOKUP(G91,'Bereketli Satış'!J:AK,32,0)) -> #N/A
A92: BALIKESİR | B92: SINDIRGI | C92: İBİLLER | D92: 310.06 | E92: 119 | F92: 13 | G92: =C92&E92&F92 -> İBİLLER11913 | I92: =IF(VLOOKUP(G92,'Bereketli Satış'!J:AK,5,0)="","",VLOOKUP(G92,'Bereketli Satış'!J:AK,5,0)) -> #N/A | J92: =IF(VLOOKUP(G92,'Bereketli Satış'!J:AK,28,0)="","",VLOOKUP(G92,'Bereketli Satış'!J:AK,28,0)) -> #N/A | M92: =IF(VLOOKUP(G92,'Bereketli Satış'!J:AK,30,0)="","",VLOOKUP(G92,'Bereketli Satış'!J:AK,30,0)) -> #N/A | P92: =IF(VLOOKUP(G92,'Bereketli Satış'!J:AK,32,0)="","",VLOOKUP(G92,'Bereketli Satış'!J:AK,32,0)) -> #N/A
A93: BALIKESİR | B93: SINDIRGI | C93: İBİLLER | D93: 310.07 | E93: 119 | F93: 14 | G93: =C93&E93&F93 -> İBİLLER11914 | I93: =IF(VLOOKUP(G93,'Bereketli Satış'!J:AK,5,0)="","",VLOOKUP(G93,'Bereketli Satış'!J:AK,5,0)) -> #N/A | J93: =IF(VLOOKUP(G93,'Bereketli Satış'!J:AK,28,0)="","",VLOOKUP(G93,'Bereketli Satış'!J:AK,28,0)) -> #N/A | M93: =IF(VLOOKUP(G93,'Bereketli Satış'!J:AK,30,0)="","",VLOOKUP(G93,'Bereketli Satış'!J:AK,30,0)) -> #N/A | P93: =IF(VLOOKUP(G93,'Bereketli Satış'!J:AK,32,0)="","",VLOOKUP(G93,'Bereketli Satış'!J:AK,32,0)) -> #N/A
A94: BALIKESİR | B94: SINDIRGI | C94: İBİLLER | D94: 313.92 | E94: 111 | F94: 13 | G94: =C94&E94&F94 -> İBİLLER11113 | I94: =IF(VLOOKUP(G94,'Bereketli Satış'!J:AK,5,0)="","",VLOOKUP(G94,'Bereketli Satış'!J:AK,5,0)) -> #N/A | J94: =IF(VLOOKUP(G94,'Bereketli Satış'!J:AK,28,0)="","",VLOOKUP(G94,'Bereketli Satış'!J:AK,28,0)) -> #N/A | M94: =IF(VLOOKUP(G94,'Bereketli Satış'!J:AK,30,0)="","",VLOOKUP(G94,'Bereketli Satış'!J:AK,30,0)) -> #N/A | P94: =IF(VLOOKUP(G94,'Bereketli Satış'!J:AK,32,0)="","",VLOOKUP(G94,'Bereketli Satış'!J:AK,32,0)) -> #N/A
A95: BALIKESİR | B95: SUSURLUK | C95: REŞADİYE | D95: 326.78 | E95: 158 | F95: 15 | G95: =C95&E95&F95 -> REŞADİYE15815 | I95: =IF(VLOOKUP(G95,'Bereketli Satış'!J:AK,5,0)="","",VLOOKUP(G95,'Bereketli Satış'!J:AK,5,0)) -> #N/A | J95: =IF(VLOOKUP(G95,'Bereketli Satış'!J:AK,28,0)="","",VLOOKUP(G95,'Bereketli Satış'!J:AK,28,0)) -> #N/A | M95: =IF(VLOOKUP(G95,'Bereketli Satış'!J:AK,30,0)="","",VLOOKUP(G95,'Bereketli Satış'!J:AK,30,0)) -> #N/A | P95: =IF(VLOOKUP(G95,'Bereketli Satış'!J:AK,32,0)="","",VLOOKUP(G95,'Bereketli Satış'!J:AK,32,0)) -> #N/A
A96: BALIKESİR | B96: SINDIRGI | C96: İBİLLER | D96: 320.67 | E96: 119 | F96: 22 | G96: =C96&E96&F96 -> İBİLLER11922 | I96: =IF(VLOOKUP(G96,'Bereketli Satış'!J:AK,5,0)="","",VLOOKUP(G96,'Bereketli Satış'!J:AK,5,0)) -> #N/A | J96: =IF(VLOOKUP(G96,'Bereketli Satış'!J:AK,28,0)="","",VLOOKUP(G96,'Bereketli Satış'!J:AK,28,0)) -> #N/A | M96: =IF(VLOOKUP(G96,'Bereketli Satış'!J:AK,30,0)="","",VLOOKUP(G96,'Bereketli Satış'!J:AK,30,0)) -> #N/A | P96: =IF(VLOOKUP(G96,'Bereketli Satış'!J:AK,32,0)="","",VLOOKUP(G96,'Bereketli Satış'!J:AK,32,0)) -> #N/A
A97: ANKARA | B97: GÜDÜL | C97: GÜNEYCE | D97: 400 | E97: 911 | F97: 19 | G97: =C97&E97&F97 -> GÜNEYCE91119 | I97: =IF(VLOOKUP(G97,'Bereketli Satış'!J:AK,5,0)="","",VLOOKUP(G97,'Bereketli Satış'!J:AK,5,0)) -> #N/A | J97: =IF(VLOOKUP(G97,'Bereketli Satış'!J:AK,28,0)="","",VLOOKUP(G97,'Bereketli Satış'!J:AK,28,0)) -> #N/A | M97: =IF(VLOOKUP(G97,'Bereketli Satış'!J:AK,30,0)="","",VLOOKUP(G97,'Bereketli Satış'!J:AK,30,0)) -> #N/A | P97: =IF(VLOOKUP(G97,'Bereketli Satış'!J:AK,32,0)="","",VLOOKUP(G97,'Bereketli Satış'!J:AK,32,0)) -> #N/A
A98: BALIKESİR | B98: SINDIRGI | C98: İBİLLER | D98: 340.67 | E98: 119 | F98: 20 | G98: =C98&E98&F98 -> İBİLLER11920 | I98: =IF(VLOOKUP(G98,'Bereketli Satış'!J:AK,5,0)="","",VLOOKUP(G98,'Bereketli Satış'!J:AK,5,0)) -> #N/A | J98: =IF(VLOOKUP(G98,'Bereketli Satış'!J:AK,28,0)="","",VLOOKUP(G98,'Bereketli Satış'!J:AK,28,0)) -> #N/A | M98: =IF(VLOOKUP(G98,'Bereketli Satış'!J:AK,30,0)="","",VLOOKUP(G98,'Bereketli Satış'!J:AK,30,0)) -> #N/A | P98: =IF(VLOOKUP(G98,'Bereketli Satış'!J:AK,32,0)="","",VLOOKUP(G98,'Bereketli Satış'!J:AK,32,0)) -> #N/A
... A123: BALIKESİR | B123: SUSURLUK | C123: REŞADİYE | D123: 335.81 | E123: 168 | F123: 10 | G123: =C123&E123&F123 -> REŞADİYE16810 | I123: =IF(VLOOKUP(G123,'Bereketli Satış'!J:AK,5,0)="","",VLOOKUP(G123,'Bereketli Satış'!J:AK,5,0)) -> #N/A | J123: =IF(VLOOKUP(G123,'Bereketli Satış'!J:AK,28,0)="","",VLOOKUP(G123,'Bereketli Satış'!J:AK,28,0)) -> #N/A | M123: =IF(VLOOKUP(G123,'Bereketli Satış'!J:AK,30,0)="","",VLOOKUP(G123,'Bereketli Satış'!J:AK,30,0)) -> #N/A | P123: =IF(VLOOKUP(G123,'Bereketli Satış'!J:AK,32,0)="","",VLOOKUP(G123,'Bereketli Satış'!J:AK,32,0)) -> #N/A
A124: BALIKESİR | B124: SUSURLUK | C124: REŞADİYE | D124: 337.9 | E124: 167 | F124: 9 | G124: =C124&E124&F124 -> REŞADİYE1679 | H124: 131236862 | I124: =IF(VLOOKUP(G124,'Bereketli Satış'!J:AK,5,0)="","",VLOOKUP(G124,'Bereketli Satış'!J:AK,5,0)) -> #N/A | J124: =IF(VLOOKUP(G124,'Bereketli Satış'!J:AK,28,0)="","",VLOOKUP(G124,'Bereketli Satış'!J:AK,28,0)) -> #N/A | M124: CEM ANIZ | O124: 46452 | P124: =IF(VLOOKUP(G124,'Bereketli Satış'!J:AK,32,0)="","",VLOOKUP(G124,'Bereketli Satış'!J:AK,32,0)) -> #N/A
A125: BALIKESİR | B125: SUSURLUK | C125: REŞADİYE | D125: 337.9 | E125: 167 | F125: 10 | G125: =C125&E125&F125 -> REŞADİYE16710 | H125: 131236863 | I125: =IF(VLOOKUP(G125,'Bereketli Satış'!J:AK,5,0)="","",VLOOKUP(G125,'Bereketli Satış'!J:AK,5,0)) -> #N/A | J125: =IF(VLOOKUP(G125,'Bereketli Satış'!J:AK,28,0)="","",VLOOKUP(G125,'Bereketli Satış'!J:AK,28,0)) -> #N/A | M125: CEM ANIZ | O125: 46452 | P125: =IF(VLOOKUP(G125,'Bereketli Satış'!J:AK,32,0)="","",VLOOKUP(G125,'Bereketli Satış'!J:AK,32,0)) -> #N/A
A126: BALIKESİR | B126: DURSUNBEY | C126: DELİCE | D126: 361.8 | E126: 670 | F126: 3 | G126: =C126&E126&F126 -> DELİCE6703 | H126: 132224607 | I126: =IF(VLOOKUP(G126,'Bereketli Satış'!J:AK,5,0)="","",VLOOKUP(G126,'Bereketli Satış'!J:AK,5,0)) -> #N/A | J126: =IF(VLOOKUP(G126,'Bereketli Satış'!J:AK,28,0)="","",VLOOKUP(G126,'Bereketli Satış'!J:AK,28,0)) -> #N/A | L126: 46477 | M126: =IF(VLOOKUP(G126,'Bereketli Satış'!J:AK,30,0)="","",VLOOKUP(G126,'Bereketli Satış'!J:AK,30,0)) -> #N/A | P126: =IF(VLOOKUP(G126,'Bereketli Satış'!J:AK,32,0)="","",VLOOKUP(G126,'Bereketli Satış'!J:AK,32,0)) -> #N/A
A127: BALIKESİR | B127: SUSURLUK | C127: REŞADİYE | D127: 341.92 | E127: 166 | F127: 10 | G127: =C127&E127&F127 -> REŞADİYE16610 | I127: =IF(VLOOKUP(G127,'Bereketli Satış'!J:AK,5,0)="","",VLOOKUP(G127,'Bereketli Satış'!J:AK,5,0)) -> #N/A | J127: =IF(VLOOKUP(G127,'Bereketli Satış'!J:AK,28,0)="","",VLOOKUP(G127,'Bereketli Satış'!J:AK,28,0)) -> #N/A | M127: =IF(VLOOKUP(G127,'Bereketli Satış'!J:AK,30,0)="","",VLOOKUP(G127,'Bereketli Satış'!J:AK,30,0)) -> #N/A | P127: =IF(VLOOKUP(G127,'Bereketli Satış'!J:AK,32,0)="","",VLOOKUP(G127,'Bereketli Satış'!J:AK,32,0)) -> #N/A
A128: BALIKESİR | B128: SUSURLUK | C128: REŞADİYE | D128: 341.92 | E128: 166 | F128: 9 | G128: =C128&E128&F128 -> REŞADİYE1669 | I128: =IF(VLOOKUP(G128,'Bereketli Satış'!J:AK,5,0)="","",VLOOKUP(G128,'Bereketli Satış'!J:AK,5,0)) -> #N/A | J128: =IF(VLOOKUP(G128,'Bereketli Satış'!J:AK,28,0)="","",VLOOKUP(G128,'Bereketli Satış'!J:AK,28,0)) -> #N/A | M128: =IF(VLOOKUP(G128,'Bereketli Satış'!J:AK,30,0)="","",VLOOKUP(G128,'Bereketli Satış'!J:AK,30,0)) -> #N/A | P128: =IF(VLOOKUP(G128,'Bereketli Satış'!J:AK,32,0)="","",VLOOKUP(G128,'Bereketli Satış'!J:AK,32,0)) -> #N/A
A129: BALIKESİR | B129: SINDIRGI | C129: KINIK | D129: 310.9 | E129: 315 | F129: 13 | G129: =C129&E129&F129 -> KINIK31513 | I129: =IF(VLOOKUP(G129,'Bereketli Satış'!J:AK,5,0)="","",VLOOKUP(G129,'Bereketli Satış'!J:AK,5,0)) -> #N/A | J129: =IF(VLOOKUP(G129,'Bereketli Satış'!J:AK,28,0)="","",VLOOKUP(G129,'Bereketli Satış'!J:AK,28,0)) -> #N/A | M129: =IF(VLOOKUP(G129,'Bereketli Satış'!J:AK,30,0)="","",VLOOKUP(G129,'Bereketli Satış'!J:AK,30,0)) -> #N/A | P129: =IF(VLOOKUP(G129,'Bereketli Satış'!J:AK,32,0)="","",VLOOKUP(G129,'Bereketli Satış'!J:AK,32,0)) -> #N/A
A130: BALIKESİR | B130: KARESİ | C130: KIRMIZILAR | D130: 433.54 | E130: 180 | F130: 13 | G130: =C130&E130&F130 -> KIRMIZILAR18013 | I130: =IF(VLOOKUP(G130,'Bereketli Satış'!J:AK,5,0)="","",VLOOKUP(G130,'Bereketli Satış'!J:AK,5,0)) -> #N/A | J130: =IF(VLOOKUP(G130,'Bereketli Satış'!J:AK,28,0)="","",VLOOKUP(G130,'Bereketli Satış'!J:AK,28,0)) -> #N/A | M130: =IF(VLOOKUP(G130,'Bereketli Satış'!J:AK,30,0)="","",VLOOKUP(G130,'Bereketli Satış'!J:AK,30,0)) -> #N/A | P130: =IF(VLOOKUP(G130,'Bereketli Satış'!J:AK,32,0)="","",VLOOKUP(G130,'Bereketli Satış'!J:AK,32,0)) -> #N/A
A131: BALIKESİR | B131: SUSURLUK | C131: REŞADİYE | D131: 346.88 | E131: 170 | F131: 11 | G131: =C131&E131&F131 -> REŞADİYE17011 | I131: =IF(VLOOKUP(G131,'Bereketli Satış'!J:AK,5,0)="","",VLOOKUP(G131,'Bereketli Satış'!J:AK,5,0)) -> #N/A | J131: =IF(VLOOKUP(G131,'Bereketli Satış'!J:AK,28,0)="","",VLOOKUP(G131,'Bereketli Satış'!J:AK,28,0)) -> #N/A | M131: =IF(VLOOKUP(G131,'Bereketli Satış'!J:AK,30,0)="","",VLOOKUP(G131,'Bereketli Satış'!J:AK,30,0)) -> #N/A | P131: =IF(VLOOKUP(G131,'Bereketli Satış'!J:AK,32,0)="","",VLOOKUP(G131,'Bereketli Satış'!J:AK,32,0)) -> #N/A
A132: BALIKESİR | B132: SUSURLUK | C132: REŞADİYE | D132: 348.76 | E132: 170 | F132: 12 | G132: =C132&E132&F132 -> REŞADİYE17012 | I132: =IF(VLOOKUP(G132,'Bereketli Satış'!J:AK,5,0)="","",VLOOKUP(G132,'Bereketli Satış'!J:AK,5,0)) -> #N/A | J132: =IF(VLOOKUP(G132,'Bereketli Satış'!J:AK,28,0)="","",VLOOKUP(G132,'Bereketli Satış'!J:AK,28,0)) -> #N/A | M132: =IF(VLOOKUP(G132,'Bereketli Satış'!J:AK,30,0)="","",VLOOKUP(G132,'Bereketli Satış'!J:AK,30,0)) -> #N/A | P132: =IF(VLOOKUP(G132,'Bereketli Satış'!J:AK,32,0)="","",VLOOKUP(G132,'Bereketli Satış'!J:AK,32,0)) -> #N/A
A133: MANİSA | B133: ALAŞEHİR | C133: KİLLİK | D133: 529 | E133: 214 | F133: 10 | G133: =C133&E133&F133 -> KİLLİK21410 | I133: =IF(VLOOKUP(G133,'Bereketli Satış'!J:AK,5,0)="","",VLOOKUP(G133,'Bereketli Satış'!J:AK,5,0)) -> #N/A | J133: =IF(VLOOKUP(G133,'Bereketli Satış'!J:AK,28,0)="","",VLOOKUP(G133,'Bereketli Satış'!J:AK,28,0)) -> #N/A | M133: =IF(VLOOKUP(G133,'Bereketli Satış'!J:AK,30,0)="","",VLOOKUP(G133,'Bereketli Satış'!J:AK,30,0)) -> #N/A | P133: =IF(VLOOKUP(G133,'Bereketli Satış'!J:AK,32,0)="","",VLOOKUP(G133,'Bereketli Satış'!J:AK,32,0)) -> #N/A
A134: BALIKESİR | B134: DURSUNBEY | C134: DELİCE | D134: 390.18 | E134: 670 | F134: 2 | G134: =C134&E134&F134 -> DELİCE6702 | I134: =IF(VLOOKUP(G134,'Bereketli Satış'!J:AK,5,0)="","",VLOOKUP(G134,'Bereketli Satış'!J:AK,5,0)) -> #N/A | J134: =IF(VLOOKUP(G134,'Bereketli Satış'!J:AK,28,0)="","",VLOOKUP(G134,'Bereketli Satış'!J:AK,28,0)) -> #N/A | M134: =IF(VLOOKUP(G134,'Bereketli Satış'!J:AK,30,0)="","",VLOOKUP(G134,'Bereketli Satış'!J:AK,30,0)) -> #N/A | P134: =IF(VLOOKUP(G134,'Bereketli Satış'!J:AK,32,0)="","",VLOOKUP(G134,'Bereketli Satış'!J:AK,32,0)) -> #N/A
A135: BALIKESİR | B135: KARESİ | C135: KUVAYİ MİLLİYE | D135: 321.12 | E135: 14236 | F135: 20 | G135: =C135&E135&F135 -> KUVAYİ MİLLİYE1423620 | I135: =IF(VLOOKUP(G135,'Bereketli Satış'!J:AK,5,0)="","",VLOOKUP(G135,'Bereketli Satış'!J:AK,5,0)) -> #N/A | J135: =IF(VLOOKUP(G135,'Bereketli Satış'!J:AK,28,0)="","",VLOOKUP(G135,'Bereketli Satış'!J:AK,28,0)) -> #N/A | M135: =IF(VLOOKUP(G135,'Bereketli Satış'!J:AK,30,0)="","",VLOOKUP(G135,'Bereketli Satış'!J:AK,30,0)) -> #N/A | P135: =IF(VLOOKUP(G135,'Bereketli Satış'!J:AK,32,0)="","",VLOOKUP(G135,'Bereketli Satış'!J:AK,32,0)) -> #N/A
A136: MANİSA | B136: AKHİSAR | C136: MİLİNGE | D136: 518 | E136: 0 | F136: 970 | G136: =C136&E136&F136 -> MİLİNGE0970 | I136: =IF(VLOOKUP(G136,'Bereketli Satış'!J:AK,5,0)="","",VLOOKUP(G136,'Bereketli Satış'!J:AK,5,0)) -> #N/A | J136: =IF(VLOOKUP(G136,'Bereketli Satış'!J:AK,28,0)="","",VLOOKUP(G136,'Bereketli Satış'!J:AK,28,0)) -> #N/A | M136: =IF(VLOOKUP(G136,'Bereketli Satış'!J:AK,30,0)="","",VLOOKUP(G136,'Bereketli Satış'!J:AK,30,0)) -> #N/A | P136: =IF(VLOOKUP(G136,'Bereketli Satış'!J:AK,32,0)="","",VLOOKUP(G136,'Bereketli Satış'!J:AK,32,0)) -> #N/A
A137: BALIKESİR | B137: SUSURLUK | C137: REŞADİYE | D137: 379.5 | E137: 171 | F137: 13 | G137: =C137&E137&F137 -> REŞADİYE17113 | I137: =IF(VLOOKUP(G137,'Bereketli Satış'!J:AK,5,0)="","",VLOOKUP(G137,'Bereketli Satış'!J:AK,5,0)) -> #N/A | J137: =IF(VLOOKUP(G137,'Bereketli Satış'!J:AK,28,0)="","",VLOOKUP(G137,'Bereketli Satış'!J:AK,28,0)) -> #N/A | M137: =IF(VLOOKUP(G137,'Bereketli Satış'!J:AK,30,0)="","",VLOOKUP(G137,'Bereketli Satış'!J:AK,30,0)) -> #N/A | P137: =IF(VLOOKUP(G137,'Bereketli Satış'!J:AK,32,0)="","",VLOOKUP(G137,'Bereketli Satış'!J:AK,32,0)) -> #N/A
A138: AYDIN | B138: GERMENCİK | C138: CAMİKEBİR | D138: 258.98 | E138: 314 | F138: 15 | G138: =C138&E138&F138 -> CAMİKEBİR31415 | I138: =IF(VLOOKUP(G138,'Bereketli Satış'!J:AK,5,0)="","",VLOOKUP(G138,'Bereketli Satış'!J:AK,5,0)) -> #N/A | J138: =IF(VLOOKUP(G138,'Bereketli Satış'!J:AK,28,0)="","",VLOOKUP(G138,'Bereketli Satış'!J:AK,28,0)) -> #N/A | M138: =IF(VLOOKUP(G138,'Bereketli Satış'!J:AK,30,0)="","",VLOOKUP(G138,'Bereketli Satış'!J:AK,30,0)) -> #N/A | P138: =IF(VLOOKUP(G138,'Bereketli Satış'!J:AK,32,0)="","",VLOOKUP(G138,'Bereketli Satış'!J:AK,32,0)) -> #N/A
... A143: BALIKESİR | B143: SINDIRGI | C143: İBİLLER | D143: 381.77 | E143: 122 | F143: 31 | G143: =C143&E143&F143 -> İBİLLER12231 | I143: =IF(VLOOKUP(G143,'Bereketli Satış'!J:AK,5,0)="","",VLOOKUP(G143,'Bereketli Satış'!J:AK,5,0)) -> #N/A | J143: =IF(VLOOKUP(G143,'Bereketli Satış'!J:AK,28,0)="","",VLOOKUP(G143,'Bereketli Satış'!J:AK,28,0)) -> #N/A | M143: =IF(VLOOKUP(G143,'Bereketli Satış'!J:AK,30,0)="","",VLOOKUP(G143,'Bereketli Satış'!J:AK,30,0)) -> #N/A | P143: =IF(VLOOKUP(G143,'Bereketli Satış'!J:AK,32,0)="","",VLOOKUP(G143,'Bereketli Satış'!J:AK,32,0)) -> #N/A
A144: BALIKESİR | B144: SINDIRGI | C144: İBİLLER | D144: 384.49 | E144: 120 | F144: 7 | G144: =C144&E144&F144 -> İBİLLER1207 | H144: 134240966 | I144: =IF(VLOOKUP(G144,'Bereketli Satış'!J:AK,5,0)="","",VLOOKUP(G144,'Bereketli Satış'!J:AK,5,0)) -> #N/A | J144: =IF(VLOOKUP(G144,'Bereketli Satış'!J:AK,28,0)="","",VLOOKUP(G144,'Bereketli Satış'!J:AK,28,0)) -> #N/A | L144: 46022 | M144: =IF(VLOOKUP(G144,'Bereketli Satış'!J:AK,30,0)="","",VLOOKUP(G144,'Bereketli Satış'!J:AK,30,0)) -> #N/A | P144: =IF(VLOOKUP(G144,'Bereketli Satış'!J:AK,32,0)="","",VLOOKUP(G144,'Bereketli Satış'!J:AK,32,0)) -> #N/A
A145: BALIKESİR | B145: SUSURLUK | C145: REŞADİYE | D145: 362.35 | E145: 161 | F145: 6 | G145: =C145&E145&F145 -> REŞADİYE1616 | I145: =IF(VLOOKUP(G145,'Bereketli Satış'!J:AK,5,0)="","",VLOOKUP(G145,'Bereketli Satış'!J:AK,5,0)) -> #N/A | J145: =IF(VLOOKUP(G145,'Bereketli Satış'!J:AK,28,0)="","",VLOOKUP(G145,'Bereketli Satış'!J:AK,28,0)) -> #N/A | M145: =IF(VLOOKUP(G145,'Bereketli Satış'!J:AK,30,0)="","",VLOOKUP(G145,'Bereketli Satış'!J:AK,30,0)) -> #N/A | P145: =IF(VLOOKUP(G145,'Bereketli Satış'!J:AK,32,0)="","",VLOOKUP(G145,'Bereketli Satış'!J:AK,32,0)) -> #N/A
A146: BALIKESİR | B146: SUSURLUK | C146: REŞADİYE | D146: 363.17 | E146: 165 | F146: 10 | G146: =C146&E146&F146 -> REŞADİYE16510 | I146: =IF(VLOOKUP(G146,'Bereketli Satış'!J:AK,5,0)="","",VLOOKUP(G146,'Bereketli Satış'!J:AK,5,0)) -> #N/A | J146: =IF(VLOOKUP(G146,'Bereketli Satış'!J:AK,28,0)="","",VLOOKUP(G146,'Bereketli Satış'!J:AK,28,0)) -> #N/A | M146: =IF(VLOOKUP(G146,'Bereketli Satış'!J:AK,30,0)="","",VLOOKUP(G146,'Bereketli Satış'!J:AK,30,0)) -> #N/A | P146: =IF(VLOOKUP(G146,'Bereketli Satış'!J:AK,32,0)="","",VLOOKUP(G146,'Bereketli Satış'!J:AK,32,0)) -> #N/A
A147: BALIKESİR | B147: SUSURLUK | C147: REŞADİYE | D147: 364.5 | E147: 165 | F147: 11 | G147: =C147&E147&F147 -> REŞADİYE16511 | I147: =IF(VLOOKUP(G147,'Bereketli Satış'!J:AK,5,0)="","",VLOOKUP(G147,'Bereketli Satış'!J:AK,5,0)) -> #N/A | J147: =IF(VLOOKUP(G147,'Bereketli Satış'!J:AK,28,0)="","",VLOOKUP(G147,'Bereketli Satış'!J:AK,28,0)) -> #N/A | M147: =IF(VLOOKUP(G147,'Bereketli Satış'!J:AK,30,0)="","",VLOOKUP(G147,'Bereketli Satış'!J:AK,30,0)) -> #N/A | P147: =IF(VLOOKUP(G147,'Bereketli Satış'!J:AK,32,0)="","",VLOOKUP(G147,'Bereketli Satış'!J:AK,32,0)) -> #N/A
A148: BALIKESİR | B148: SUSURLUK | C148: REŞADİYE | D148: 365.23 | E148: 158 | F148: 12 | G148: =C148&E148&F148 -> REŞADİYE15812 | I148: =IF(VLOOKUP(G148,'Bereketli Satış'!J:AK,5,0)="","",VLOOKUP(G148,'Bereketli Satış'!J:AK,5,0)) -> #N/A | J148: =IF(VLOOKUP(G148,'Bereketli Satış'!J:AK,28,0)="","",VLOOKUP(G148,'Bereketli Satış'!J:AK,28,0)) -> #N/A | M148: =IF(VLOOKUP(G148,'Bereketli Satış'!J:AK,30,0)="","",VLOOKUP(G148,'Bereketli Satış'!J:AK,30,0)) -> #N/A | P148: =IF(VLOOKUP(G148,'Bereketli Satış'!J:AK,32,0)="","",VLOOKUP(G148,'Bereketli Satış'!J:AK,32,0)) -> #N/A
A149: BALIKESİR | B149: SINDIRGI | C149: İBİLLER | D149: 384.49 | E149: 120 | F149: 12 | G149: =C149&E149&F149 -> İBİLLER12012 | H149: 134240963 | I149: =IF(VLOOKUP(G149,'Bereketli Satış'!J:AK,5,0)="","",VLOOKUP(G149,'Bereketli Satış'!J:AK,5,0)) -> #N/A | J149: =IF(VLOOKUP(G149,'Bereketli Satış'!J:AK,28,0)="","",VLOOKUP(G149,'Bereketli Satış'!J:AK,28,0)) -> #N/A | L149: 46022 | M149: =IF(VLOOKUP(G149,'Bereketli Satış'!J:AK,30,0)="","",VLOOKUP(G149,'Bereketli Satış'!J:AK,30,0)) -> #N/A | P149: =IF(VLOOKUP(G149,'Bereketli Satış'!J:AK,32,0)="","",VLOOKUP(G149,'Bereketli Satış'!J:AK,32,0)) -> #N/A
A150: BALIKESİR | B150: SUSURLUK | C150: REŞADİYE | D150: 366.42 | E150: 166 | F150: 17 | G150: =C150&E150&F150 -> REŞADİYE16617 | I150: =IF(VLOOKUP(G150,'Bereketli Satış'!J:AK,5,0)="","",VLOOKUP(G150,'Bereketli Satış'!J:AK,5,0)) -> #N/A | J150: =IF(VLOOKUP(G150,'Bereketli Satış'!J:AK,28,0)="","",VLOOKUP(G150,'Bereketli Satış'!J:AK,28,0)) -> #N/A | M150: =IF(VLOOKUP(G150,'Bereketli Satış'!J:AK,30,0)="","",VLOOKUP(G150,'Bereketli Satış'!J:AK,30,0)) -> #N/A | P150: =IF(VLOOKUP(G150,'Bereketli Satış'!J:AK,32,0)="","",VLOOKUP(G150,'Bereketli Satış'!J:AK,32,0)) -> #N/A
A151: BALIKESİR | B151: SUSURLUK | C151: REŞADİYE | D151: 366.43 | E151: 165 | F151: 12 | G151: =C151&E151&F151 -> REŞADİYE16512 | I151: =IF(VLOOKUP(G151,'Bereketli Satış'!J:AK,5,0)="","",VLOOKUP(G151,'Bereketli Satış'!J:AK,5,0)) -> #N/A | J151: =IF(VLOOKUP(G151,'Bereketli Satış'!J:AK,28,0)="","",VLOOKUP(G151,'Bereketli Satış'!J:AK,28,0)) -> #N/A | M151: =IF(VLOOKUP(G151,'Bereketli Satış'!J:AK,30,0)="","",VLOOKUP(G151,'Bereketli Satış'!J:AK,30,0)) -> #N/A | P151: =IF(VLOOKUP(G151,'Bereketli Satış'!J:AK,32,0)="","",VLOOKUP(G151,'Bereketli Satış'!J:AK,32,0)) -> #N/A
A152: BALIKESİR | B152: SUSURLUK | C152: REŞADİYE | D152: 366.44 | E152: 165 | F152: 9 | G152: =C152&E152&F152 -> REŞADİYE1659 | I152: =IF(VLOOKUP(G152,'Bereketli Satış'!J:AK,5,0)="","",VLOOKUP(G152,'Bereketli Satış'!J:AK,5,0)) -> #N/A | J152: =IF(VLOOKUP(G152,'Bereketli Satış'!J:AK,28,0)="","",VLOOKUP(G152,'Bereketli Satış'!J:AK,28,0)) -> #N/A | M152: =IF(VLOOKUP(G152,'Bereketli Satış'!J:AK,30,0)="","",VLOOKUP(G152,'Bereketli Satış'!J:AK,30,0)) -> #N/A | P152: =IF(VLOOKUP(G152,'Bereketli Satış'!J:AK,32,0)="","",VLOOKUP(G152,'Bereketli Satış'!J:AK,32,0)) -> #N/A
A153: BALIKESİR | B153: SUSURLUK | C153: REŞADİYE | D153: 367.56 | E153: 162 | F153: 21 | G153: =C153&E153&F153 -> REŞADİYE16221 | I153: =IF(VLOOKUP(G153,'Bereketli Satış'!J:AK,5,0)="","",VLOOKUP(G153,'Bereketli Satış'!J:AK,5,0)) -> #N/A | J153: =IF(VLOOKUP(G153,'Bereketli Satış'!J:AK,28,0)="","",VLOOKUP(G153,'Bereketli Satış'!J:AK,28,0)) -> #N/A | M153: =IF(VLOOKUP(G153,'Bereketli Satış'!J:AK,30,0)="","",VLOOKUP(G153,'Bereketli Satış'!J:AK,30,0)) -> #N/A | P153: =IF(VLOOKUP(G153,'Bereketli Satış'!J:AK,32,0)="","",VLOOKUP(G153,'Bereketli Satış'!J:AK,32,0)) -> #N/A
A154: BALIKESİR | B154: SUSURLUK | C154: REŞADİYE | D154: 368.2 | E154: 158 | F154: 13 | G154: =C154&E154&F154 -> REŞADİYE15813 | I154: =IF(VLOOKUP(G154,'Bereketli Satış'!J:AK,5,0)="","",VLOOKUP(G154,'Bereketli Satış'!J:AK,5,0)) -> #N/A | J154: =IF(VLOOKUP(G154,'Bereketli Satış'!J:AK,28,0)="","",VLOOKUP(G154,'Bereketli Satış'!J:AK,28,0)) -> #N/A | M154: =IF(VLOOKUP(G154,'Bereketli Satış'!J:AK,30,0)="","",VLOOKUP(G154,'Bereketli Satış'!J:AK,30,0)) -> #N/A | P154: =IF(VLOOKUP(G154,'Bereketli Satış'!J:AK,32,0)="","",VLOOKUP(G154,'Bereketli Satış'!J:AK,32,0)) -> #N/A
A155: BALIKESİR | B155: SUSURLUK | C155: REŞADİYE | D155: 368.69 | E155: 162 | F155: 22 | G155: =C155&E155&F155 -> REŞADİYE16222 | I155: =IF(VLOOKUP(G155,'Bereketli Satış'!J:AK,5,0)="","",VLOOKUP(G155,'Bereketli Satış'!J:AK,5,0)) -> #N/A | J155: =IF(VLOOKUP(G155,'Bereketli Satış'!J:AK,28,0)="","",VLOOKUP(G155,'Bereketli Satış'!J:AK,28,0)) -> #N/A | M155: =IF(VLOOKUP(G155,'Bereketli Satış'!J:AK,30,0)="","",VLOOKUP(G155,'Bereketli Satış'!J:AK,30,0)) -> #N/A | P155: =IF(VLOOKUP(G155,'Bereketli Satış'!J:AK,32,0)="","",VLOOKUP(G155,'Bereketli Satış'!J:AK,32,0)) -> #N/A
A156: BALIKESİR | B156: SUSURLUK | C156: REŞADİYE | D156: 368.76 | E156: 166 | F156: 18 | G156: =C156&E156&F156 -> REŞADİYE16618 | I156: =IF(VLOOKUP(G156,'Bereketli Satış'!J:AK,5,0)="","",VLOOKUP(G156,'Bereketli Satış'!J:AK,5,0)) -> #N/A | J156: =IF(VLOOKUP(G156,'Bereketli Satış'!J:AK,28,0)="","",VLOOKUP(G156,'Bereketli Satış'!J:AK,28,0)) -> #N/A | M156: =IF(VLOOKUP(G156,'Bereketli Satış'!J:AK,30,0)="","",VLOOKUP(G156,'Bereketli Satış'!J:AK,30,0)) -> #N/A | P156: =IF(VLOOKUP(G156,'Bereketli Satış'!J:AK,32,0)="","",VLOOKUP(G156,'Bereketli Satış'!J:AK,32,0)) -> #N/A
A157: BALIKESİR | B157: KARESİ | C157: TOYBELEN | D157: 815.21 | E157: 120 | F157: 14 | G157: =C157&E157&F157 -> TOYBELEN12014 | I157: =IF(VLOOKUP(G157,'Bereketli Satış'!J:AK,5,0)="","",VLOOKUP(G157,'Bereketli Satış'!J:AK,5,0)) -> #N/A | J157: =IF(VLOOKUP(G157,'Bereketli Satış'!J:AK,28,0)="","",VLOOKUP(G157,'Bereketli Satış'!J:AK,28,0)) -> #N/A | M157: =IF(VLOOKUP(G157,'Bereketli Satış'!J:AK,30,0)="","",VLOOKUP(G157,'Bereketli Satış'!J:AK,30,0)) -> #N/A | P157: =IF(VLOOKUP(G157,'Bereketli Satış'!J:AK,32,0)="","",VLOOKUP(G157,'Bereketli Satış'!J:AK,32,0)) -> #N/A
A158: BALIKESİR | B158: SINDIRGI | C158: İBİLLER | D158: 389.99 | E158: 122 | F158: 35 | G158: =C158&E158&F158 -> İBİLLER12235 | I158: =IF(VLOOKUP(G158,'Bereketli Satış'!J:AK,5,0)="","",VLOOKUP(G158,'Bereketli Satış'!J:AK,5,0)) -> #N/A | J158: =IF(VLOOKUP(G158,'Bereketli Satış'!J:AK,28,0)="","",VLOOKUP(G158,'Bereketli Satış'!J:AK,28,0)) -> #N/A | M158: =IF(VLOOKUP(G158,'Bereketli Satış'!J:AK,30,0)="","",VLOOKUP(G158,'Bereketli Satış'!J:AK,30,0)) -> #N/A | P158: =IF(VLOOKUP(G158,'Bereketli Satış'!J:AK,32,0)="","",VLOOKUP(G158,'Bereketli Satış'!J:AK,32,0)) -> #N/A
A159: BALIKESİR | B159: SINDIRGI | C159: İBİLLER | D159: 389.99 | E159: 122 | F159: 34 | G159: =C159&E159&F159 -> İBİLLER12234 | I159: =IF(VLOOKUP(G159,'Bereketli Satış'!J:AK,5,0)="","",VLOOKUP(G159,'Bereketli Satış'!J:AK,5,0)) -> #N/A | J159: =IF(VLOOKUP(G159,'Bereketli Satış'!J:AK,28,0)="","",VLOOKUP(G159,'Bereketli Satış'!J:AK,28,0)) -> #N/A | M159: =IF(VLOOKUP(G159,'Bereketli Satış'!J:AK,30,0)="","",VLOOKUP(G159,'Bereketli Satış'!J:AK,30,0)) -> #N/A | P159: =IF(VLOOKUP(G159,'Bereketli Satış'!J:AK,32,0)="","",VLOOKUP(G159,'Bereketli Satış'!J:AK,32,0)) -> #N/A
A160: BALIKESİR | B160: SUSURLUK | C160: REŞADİYE | D160: 370.34 | E160: 167 | F160: 15 | G160: =C160&E160&F160 -> REŞADİYE16715 | H160: 131438934 | I160: =IF(VLOOKUP(G160,'Bereketli Satış'!J:AK,5,0)="","",VLOOKUP(G160,'Bereketli Satış'!J:AK,5,0)) -> #N/A | J160: =IF(VLOOKUP(G160,'Bereketli Satış'!J:AK,28,0)="","",VLOOKUP(G160,'Bereketli Satış'!J:AK,28,0)) -> #N/A | L160: 45824 | M160: =IF(VLOOKUP(G160,'Bereketli Satış'!J:AK,30,0)="","",VLOOKUP(G160,'Bereketli Satış'!J:AK,30,0)) -> #N/A | P160: =IF(VLOOKUP(G160,'Bereketli Satış'!J:AK,32,0)="","",VLOOKUP(G160,'Bereketli Satış'!J:AK,32,0)) -> #N/A
A161: BALIKESİR | B161: SUSURLUK | C161: REŞADİYE | D161: 370.95 | E161: 162 | F161: 19 | G161: =C161&E161&F161 -> REŞADİYE16219 | I161: =IF(VLOOKUP(G161,'Bereketli Satış'!J:AK,5,0)="","",VLOOKUP(G161,'Bereketli Satış'!J:AK,5,0)) -> #N/A | J161: =IF(VLOOKUP(G161,'Bereketli Satış'!J:AK,28,0)="","",VLOOKUP(G161,'Bereketli Satış'!J:AK,28,0)) -> #N/A | M161: =IF(VLOOKUP(G161,'Bereketli Satış'!J:AK,30,0)="","",VLOOKUP(G161,'Bereketli Satış'!J:AK,30,0)) -> #N/A | P161: =IF(VLOOKUP(G161,'Bereketli Satış'!J:AK,32,0)="","",VLOOKUP(G161,'Bereketli Satış'!J:AK,32,0)) -> #N/A
A162: BALIKESİR | B162: SUSURLUK | C162: REŞADİYE | D162: 371.44 | E162: 167 | F162: 16 | G162: =C162&E162&F162 -> REŞADİYE16716 | H162: 131438935 | I162: =IF(VLOOKUP(G162,'Bereketli Satış'!J:AK,5,0)="","",VLOOKUP(G162,'Bereketli Satış'!J:AK,5,0)) -> #N/A | J162: =IF(VLOOKUP(G162,'Bereketli Satış'!J:AK,28,0)="","",VLOOKUP(G162,'Bereketli Satış'!J:AK,28,0)) -> #N/A | L162: 45824 | M162: =IF(VLOOKUP(G162,'Bereketli Satış'!J:AK,30,0)="","",VLOOKUP(G162,'Bereketli Satış'!J:AK,30,0)) -> #N/A | P162: =IF(VLOOKUP(G162,'Bereketli Satış'!J:AK,32,0)="","",VLOOKUP(G162,'Bereketli Satış'!J:AK,32,0)) -> #N/A
A163: BALIKESİR | B163: SUSURLUK | C163: REŞADİYE | D163: 371.52 | E163: 162 | F163: 20 | G163: =C163&E163&F163 -> REŞADİYE16220 | I163: =IF(VLOOKUP(G163,'Bereketli Satış'!J:AK,5,0)="","",VLOOKUP(G163,'Bereketli Satış'!J:AK,5,0)) -> #N/A | J163: =IF(VLOOKUP(G163,'Bereketli Satış'!J:AK,28,0)="","",VLOOKUP(G163,'Bereketli Satış'!J:AK,28,0)) -> #N/A | M163: =IF(VLOOKUP(G163,'Bereketli Satış'!J:AK,30,0)="","",VLOOKUP(G163,'Bereketli Satış'!J:AK,30,0)) -> #N/A | P163: =IF(VLOOKUP(G163,'Bereketli Satış'!J:AK,32,0)="","",VLOOKUP(G163,'Bereketli Satış'!J:AK,32,0)) -> #N/A
A164: BALIKESİR | B164: SUSURLUK | C164: REŞADİYE | D164: 371.96 | E164: 168 | F164: 12 | G164: =C164&E164&F164 -> REŞADİYE16812 | I164: =IF(VLOOKUP(G164,'Bereketli Satış'!J:AK,5,0)="","",VLOOKUP(G164,'Bereketli Satış'!J:AK,5,0)) -> #N/A | J164: =IF(VLOOKUP(G164,'Bereketli Satış'!J:AK,28,0)="","",VLOOKUP(G164,'Bereketli Satış'!J:AK,28,0)) -> #N/A | M164: =IF(VLOOKUP(G164,'Bereketli Satış'!J:AK,30,0)="","",VLOOKUP(G164,'Bereketli Satış'!J:AK,30,0)) -> #N/A | P164: =IF(VLOOKUP(G164,'Bereketli Satış'!J:AK,32,0)="","",VLOOKUP(G164,'Bereketli Satış'!J:AK,32,0)) -> #N/A
A165: BALIKESİR | B165: SUSURLUK | C165: REŞADİYE | D165: 374.1 | E165: 162 | F165: 18 | G165: =C165&E165&F165 -> REŞADİYE16218 | I165: =IF(VLOOKUP(G165,'Bereketli Satış'!J:AK,5,0)="","",VLOOKUP(G165,'Bereketli Satış'!J:AK,5,0)) -> #N/A | J165: =IF(VLOOKUP(G165,'Bereketli Satış'!J:AK,28,0)="","",VLOOKUP(G165,'Bereketli Satış'!J:AK,28,0)) -> #N/A | M165: =IF(VLOOKUP(G165,'Bereketli Satış'!J:AK,30,0)="","",VLOOKUP(G165,'Bereketli Satış'!J:AK,30,0)) -> #N/A | P165: =IF(VLOOKUP(G165,'Bereketli Satış'!J:AK,32,0)="","",VLOOKUP(G165,'Bereketli Satış'!J:AK,32,0)) -> #N/A
A166: BALIKESİR | B166: SUSURLUK | C166: REŞADİYE | D166: 374.25 | E166: 162 | F166: 17 | G166: =C166&E166&F166 -> REŞADİYE16217 | I166: =IF(VLOOKUP(G166,'Bereketli Satış'!J:AK,5,0)="","",VLOOKUP(G166,'Bereketli Satış'!J:AK,5,0)) -> #N/A | J166: =IF(VLOOKUP(G166,'Bereketli Satış'!J:AK,28,0)="","",VLOOKUP(G166,'Bereketli Satış'!J:AK,28,0)) -> #N/A | M166: =IF(VLOOKUP(G166,'Bereketli Satış'!J:AK,30,0)="","",VLOOKUP(G166,'Bereketli Satış'!J:AK,30,0)) -> #N/A | P166: =IF(VLOOKUP(G166,'Bereketli Satış'!J:AK,32,0)="","",VLOOKUP(G166,'Bereketli Satış'!J:AK,32,0)) -> #N/A
A167: BALIKESİR | B167: SINDIRGI | C167: İBİLLER | D167: 390.07 | E167: 122 | F167: 36 | G167: =C167&E167&F167 -> İBİLLER12236 | I167: =IF(VLOOKUP(G167,'Bereketli Satış'!J:AK,5,0)="","",VLOOKUP(G167,'Bereketli Satış'!J:AK,5,0)) -> #N/A | J167: =IF(VLOOKUP(G167,'Bereketli Satış'!J:AK,28,0)="","",VLOOKUP(G167,'Bereketli Satış'!J:AK,28,0)) -> #N/A | M167: =IF(VLOOKUP(G167,'Bereketli Satış'!J:AK,30,0)="","",VLOOKUP(G167,'Bereketli Satış'!J:AK,30,0)) -> #N/A | P167: =IF(VLOOKUP(G167,'Bereketli Satış'!J:AK,32,0)="","",VLOOKUP(G167,'Bereketli Satış'!J:AK,32,0)) -> #N/A
A168: BALIKESİR | B168: SUSURLUK | C168: REŞADİYE | D168: 375.54 | E168: 162 | F168: 13 | G168: =C168&E168&F168 -> REŞADİYE16213 | I168: =IF(VLOOKUP(G168,'Bereketli Satış'!J:AK,5,0)="","",VLOOKUP(G168,'Bereketli Satış'!J:AK,5,0)) -> #N/A | J168: =IF(VLOOKUP(G168,'Bereketli Satış'!J:AK,28,0)="","",VLOOKUP(G168,'Bereketli Satış'!J:AK,28,0)) -> #N/A | M168: =IF(VLOOKUP(G168,'Bereketli Satış'!J:AK,30,0)="","",VLOOKUP(G168,'Bereketli Satış'!J:AK,30,0)) -> #N/A | P168: =IF(VLOOKUP(G168,'Bereketli Satış'!J:AK,32,0)="","",VLOOKUP(G168,'Bereketli Satış'!J:AK,32,0)) -> #N/A
A169: BALIKESİR | B169: SUSURLUK | C169: REŞADİYE | D169: 376.28 | E169: 162 | F169: 14 | G169: =C169&E169&F169 -> REŞADİYE16214 | I169: =IF(VLOOKUP(G169,'Bereketli Satış'!J:AK,5,0)="","",VLOOKUP(G169,'Bereketli Satış'!J:AK,5,0)) -> #N/A | J169: =IF(VLOOKUP(G169,'Bereketli Satış'!J:AK,28,0)="","",VLOOKUP(G169,'Bereketli Satış'!J:AK,28,0)) -> #N/A | M169: =IF(VLOOKUP(G169,'Bereketli Satış'!J:AK,30,0)="","",VLOOKUP(G169,'Bereketli Satış'!J:AK,30,0)) -> #N/A | P169: =IF(VLOOKUP(G169,'Bereketli Satış'!J:AK,32,0)="","",VLOOKUP(G169,'Bereketli Satış'!J:AK,32,0)) -> #N/A
A170: BALIKESİR | B170: SUSURLUK | C170: REŞADİYE | D170: 377.41 | E170: 165 | F170: 14 | G170: =C170&E170&F170 -> REŞADİYE16514 | H170: 131437793 | I170: =IF(VLOOKUP(G170,'Bereketli Satış'!J:AK,5,0)="","",VLOOKUP(G170,'Bereketli Satış'!J:AK,5,0)) -> #N/A | J170: =IF(VLOOKUP(G170,'Bereketli Satış'!J:AK,28,0)="","",VLOOKUP(G170,'Bereketli Satış'!J:AK,28,0)) -> #N/A | L170: 46387 | M170: =IF(VLOOKUP(G170,'Bereketli Satış'!J:AK,30,0)="","",VLOOKUP(G170,'Bereketli Satış'!J:AK,30,0)) -> #N/A | P170: =IF(VLOOKUP(G170,'Bereketli Satış'!J:AK,32,0)="","",VLOOKUP(G170,'Bereketli Satış'!J:AK,32,0)) -> #N/A
A171: BALIKESİR | B171: SUSURLUK | C171: REŞADİYE | D171: 378.74 | E171: 162 | F171: 15 | G171: =C171&E171&F171 -> REŞADİYE16215 | I171: =IF(VLOOKUP(G171,'Bereketli Satış'!J:AK,5,0)="","",VLOOKUP(G171,'Bereketli Satış'!J:AK,5,0)) -> #N/A | J171: =IF(VLOOKUP(G171,'Bereketli Satış'!J:AK,28,0)="","",VLOOKUP(G171,'Bereketli Satış'!J:AK,28,0)) -> #N/A | M171: =IF(VLOOKUP(G171,'Bereketli Satış'!J:AK,30,0)="","",VLOOKUP(G171,'Bereketli Satış'!J:AK,30,0)) -> #N/A | P171: =IF(VLOOKUP(G171,'Bereketli Satış'!J:AK,32,0)="","",VLOOKUP(G171,'Bereketli Satış'!J:AK,32,0)) -> #N/A
A172: BALIKESİR | B172: SINDIRGI | C172: İBİLLER | D172: 390.18 | E172: 122 | F172: 37 | G172: =C172&E172&F172 -> İBİLLER12237 | I172: =IF(VLOOKUP(G172,'Bereketli Satış'!J:AK,5,0)="","",VLOOKUP(G172,'Bereketli Satış'!J:AK,5,0)) -> #N/A | J172: =IF(VLOOKUP(G172,'Bereketli Satış'!J:AK,28,0)="","",VLOOKUP(G172,'Bereketli Satış'!J:AK,28,0)) -> #N/A | M172: =IF(VLOOKUP(G172,'Bereketli Satış'!J:AK,30,0)="","",VLOOKUP(G172,'Bereketli Satış'!J:AK,30,0)) -> #N/A | P172: =IF(VLOOKUP(G172,'Bereketli Satış'!J:AK,32,0)="","",VLOOKUP(G172,'Bereketli Satış'!J:AK,32,0)) -> #N/A
A173: BALIKESİR | B173: SINDIRGI | C173: İBİLLER | D173: 390.26 | E173: 122 | F173: 38 | G173: =C173&E173&F173 -> İBİLLER12238 | I173: =IF(VLOOKUP(G173,'Bereketli Satış'!J:AK,5,0)="","",VLOOKUP(G173,'Bereketli Satış'!J:AK,5,0)) -> #N/A | J173: =IF(VLOOKUP(G173,'Bereketli Satış'!J:AK,28,0)="","",VLOOKUP(G173,'Bereketli Satış'!J:AK,28,0)) -> #N/A | M173: =IF(VLOOKUP(G173,'Bereketli Satış'!J:AK,30,0)="","",VLOOKUP(G173,'Bereketli Satış'!J:AK,30,0)) -> #N/A | P173: =IF(VLOOKUP(G173,'Bereketli Satış'!J:AK,32,0)="","",VLOOKUP(G173,'Bereketli Satış'!J:AK,32,0)) -> #N/A
A174: BALIKESİR | B174: SINDIRGI | C174: İBİLLER | D174: 391.1 | E174: 122 | F174: 39 | G174: =C174&E174&F174 -> İBİLLER12239 | I174: =IF(VLOOKUP(G174,'Bereketli Satış'!J:AK,5,0)="","",VLOOKUP(G174,'Bereketli Satış'!J:AK,5,0)) -> #N/A | J174: =IF(VLOOKUP(G174,'Bereketli Satış'!J:AK,28,0)="","",VLOOKUP(G174,'Bereketli Satış'!J:AK,28,0)) -> #N/A | M174: =IF(VLOOKUP(G174,'Bereketli Satış'!J:AK,30,0)="","",VLOOKUP(G174,'Bereketli Satış'!J:AK,30,0)) -> #N/A | P174: =IF(VLOOKUP(G174,'Bereketli Satış'!J:AK,32,0)="","",VLOOKUP(G174,'Bereketli Satış'!J:AK,32,0)) -> #N/A
A175: BALIKESİR | B175: KARESİ | C175: TURPLU | D175: 509.17 | E175: 139 | F175: 5 | G175: =C175&E175&F175 -> TURPLU1395 | I175: =IF(VLOOKUP(G175,'Bereketli Satış'!J:AK,5,0)="","",VLOOKUP(G175,'Bereketli Satış'!J:AK,5,0)) -> #N/A | J175: =IF(VLOOKUP(G175,'Bereketli Satış'!J:AK,28,0)="","",VLOOKUP(G175,'Bereketli Satış'!J:AK,28,0)) -> #N/A | M175: =IF(VLOOKUP(G175,'Bereketli Satış'!J:AK,30,0)="","",VLOOKUP(G175,'Bereketli Satış'!J:AK,30,0)) -> #N/A | P175: =IF(VLOOKUP(G175,'Bereketli Satış'!J:AK,32,0)="","",VLOOKUP(G175,'Bereketli Satış'!J:AK,32,0)) -> #N/A
A176: BALIKESİR | B176: SUSURLUK | C176: ÜMİTELİ | D176: 1562.25 | G176: =C176&E176&F176 -> ÜMİTELİ | I176: =IF(VLOOKUP(G176,'Bereketli Satış'!J:AK,5,0)="","",VLOOKUP(G176,'Bereketli Satış'!J:AK,5,0)) -> #N/A | J176: =IF(VLOOKUP(G176,'Bereketli Satış'!J:AK,28,0)="","",VLOOKUP(G176,'Bereketli Satış'!J:AK,28,0)) -> #N/A | M176: =IF(VLOOKUP(G176,'Bereketli Satış'!J:AK,30,0)="","",VLOOKUP(G176,'Bereketli Satış'!J:AK,30,0)) -> #N/A | P176: =IF(VLOOKUP(G176,'Bereketli Satış'!J:AK,32,0)="","",VLOOKUP(G176,'Bereketli Satış'!J:AK,32,0)) -> #N/A
A177: BALIKESİR | B177: SUSURLUK | C177: REŞADİYE | D177: 379.31 | E177: 162 | F177: 16 | G177: =C177&E177&F177 -> REŞADİYE16216 | I177: =IF(VLOOKUP(G177,'Bereketli Satış'!J:AK,5,0)="","",VLOOKUP(G177,'Bereketli Satış'!J:AK,5,0)) -> #N/A | J177: =IF(VLOOKUP(G177,'Bereketli Satış'!J:AK,28,0)="","",VLOOKUP(G177,'Bereketli Satış'!J:AK,28,0)) -> #N/A | M177: =IF(VLOOKUP(G177,'Bereketli Satış'!J:AK,30,0)="","",VLOOKUP(G177,'Bereketli Satış'!J:AK,30,0)) -> #N/A | P177: =IF(VLOOKUP(G177,'Bereketli Satış'!J:AK,32,0)="","",VLOOKUP(G177,'Bereketli Satış'!J:AK,32,0)) -> #N/A
A178: BALIKESİR | B178: SUSURLUK | C178: REŞADİYE | D178: 380.28 | E178: 162 | F178: 23 | G178: =C178&E178&F178 -> REŞADİYE16223 | I178: =IF(VLOOKUP(G178,'Bereketli Satış'!J:AK,5,0)="","",VLOOKUP(G178,'Bereketli Satış'!J:AK,5,0)) -> #N/A | J178: =IF(VLOOKUP(G178,'Bereketli Satış'!J:AK,28,0)="","",VLOOKUP(G178,'Bereketli Satış'!J:AK,28,0)) -> #N/A | M178: =IF(VLOOKUP(G178,'Bereketli Satış'!J:AK,30,0)="","",VLOOKUP(G178,'Bereketli Satış'!J:AK,30,0)) -> #N/A | P178: =IF(VLOOKUP(G178,'Bereketli Satış'!J:AK,32,0)="","",VLOOKUP(G178,'Bereketli Satış'!J:AK,32,0)) -> #N/A
A179: BALIKESİR | B179: SUSURLUK | C179: REŞADİYE | D179: 380.83 | E179: 165 | F179: 13 | G179: =C179&E179&F179 -> REŞADİYE16513 | H179: 131437792 | I179: =IF(VLOOKUP(G179,'Bereketli Satış'!J:AK,5,0)="","",VLOOKUP(G179,'Bereketli Satış'!J:AK,5,0)) -> #N/A | J179: =IF(VLOOKUP(G179,'Bereketli Satış'!J:AK,28,0)="","",VLOOKUP(G179,'Bereketli Satış'!J:AK,28,0)) -> #N/A | L179: 46387 | M179: =IF(VLOOKUP(G179,'Bereketli Satış'!J:AK,30,0)="","",VLOOKUP(G179,'Bereketli Satış'!J:AK,30,0)) -> #N/A | P179: =IF(VLOOKUP(G179,'Bereketli Satış'!J:AK,32,0)="","",VLOOKUP(G179,'Bereketli Satış'!J:AK,32,0)) -> #N/A
A180: BALIKESİR | B180: SUSURLUK | C180: REŞADİYE | D180: 381.7 | E180: 162 | F180: 24 | G180: =C180&E180&F180 -> REŞADİYE16224 | I180: =IF(VLOOKUP(G180,'Bereketli Satış'!J:AK,5,0)="","",VLOOKUP(G180,'Bereketli Satış'!J:AK,5,0)) -> #N/A | J180: =IF(VLOOKUP(G180,'Bereketli Satış'!J:AK,28,0)="","",VLOOKUP(G180,'Bereketli Satış'!J:AK,28,0)) -> #N/A | M180: =IF(VLOOKUP(G180,'Bereketli Satış'!J:AK,30,0)="","",VLOOKUP(G180,'Bereketli Satış'!J:AK,30,0)) -> #N/A | P180: =IF(VLOOKUP(G180,'Bereketli Satış'!J:AK,32,0)="","",VLOOKUP(G180,'Bereketli Satış'!J:AK,32,0)) -> #N/A
A181: BALIKESİR | B181: SUSURLUK | C181: REŞADİYE | D181: 382.07 | E181: 166 | F181: 15 | G181: =C181&E181&F181 -> REŞADİYE16615 | I181: =IF(VLOOKUP(G181,'Bereketli Satış'!J:AK,5,0)="","",VLOOKUP(G181,'Bereketli Satış'!J:AK,5,0)) -> #N/A | J181: =IF(VLOOKUP(G181,'Bereketli Satış'!J:AK,28,0)="","",VLOOKUP(G181,'Bereketli Satış'!J:AK,28,0)) -> #N/A | M181: =IF(VLOOKUP(G181,'Bereketli Satış'!J:AK,30,0)="","",VLOOKUP(G181,'Bereketli Satış'!J:AK,30,0)) -> #N/A | P181: =IF(VLOOKUP(G181,'Bereketli Satış'!J:AK,32,0)="","",VLOOKUP(G181,'Bereketli Satış'!J:AK,32,0)) -> #N/A
A182: BALIKESİR | B182: SUSURLUK | C182: ILICABOĞAZI | D182: 497.62 | E182: 103 | F182: 70 | G182: =C182&E182&F182 -> ILICABOĞAZI10370 | I182: =IF(VLOOKUP(G182,'Bereketli Satış'!J:AK,5,0)="","",VLOOKUP(G182,'Bereketli Satış'!J:AK,5,0)) -> #N/A | J182: =IF(VLOOKUP(G182,'Bereketli Satış'!J:AK,28,0)="","",VLOOKUP(G182,'Bereketli Satış'!J:AK,28,0)) -> #N/A | M182: =IF(VLOOKUP(G182,'Bereketli Satış'!J:AK,30,0)="","",VLOOKUP(G182,'Bereketli Satış'!J:AK,30,0)) -> #N/A | P182: =IF(VLOOKUP(G182,'Bereketli Satış'!J:AK,32,0)="","",VLOOKUP(G182,'Bereketli Satış'!J:AK,32,0)) -> #N/A
A183: BALIKESİR | B183: SINDIRGI | C183: İBİLLER | D183: 393.23 | E183: 119 | F183: 10 | G183: =C183&E183&F183 -> İBİLLER11910 | I183: =IF(VLOOKUP(G183,'Bereketli Satış'!J:AK,5,0)="","",VLOOKUP(G183,'Bereketli Satış'!J:AK,5,0)) -> #N/A | J183: =IF(VLOOKUP(G183,'Bereketli Satış'!J:AK,28,0)="","",VLOOKUP(G183,'Bereketli Satış'!J:AK,28,0)) -> #N/A | M183: =IF(VLOOKUP(G183,'Bereketli Satış'!J:AK,30,0)="","",VLOOKUP(G183,'Bereketli Satış'!J:AK,30,0)) -> #N/A | P183: =IF(VLOOKUP(G183,'Bereketli Satış'!J:AK,32,0)="","",VLOOKUP(G183,'Bereketli Satış'!J:AK,32,0)) -> #N/A
A184: BALIKESİR | B184: SINDIRGI | C184: İBİLLER | D184: 393.24 | E184: 119 | F184: 11 | G184: =C184&E184&F184 -> İBİLLER11911 | I184: =IF(VLOOKUP(G184,'Bereketli Satış'!J:AK,5,0)="","",VLOOKUP(G184,'Bereketli Satış'!J:AK,5,0)) -> #N/A | J184: =IF(VLOOKUP(G184,'Bereketli Satış'!J:AK,28,0)="","",VLOOKUP(G184,'Bereketli Satış'!J:AK,28,0)) -> #N/A | M184: =IF(VLOOKUP(G184,'Bereketli Satış'!J:AK,30,0)="","",VLOOKUP(G184,'Bereketli Satış'!J:AK,30,0)) -> #N/A | P184: =IF(VLOOKUP(G184,'Bereketli Satış'!J:AK,32,0)="","",VLOOKUP(G184,'Bereketli Satış'!J:AK,32,0)) -> #N/A
A185: BALIKESİR | B185: SINDIRGI | C185: ARMUTLU | D185: 577.46 | E185: 106 | F185: 1 | G185: =C185&E185&F185 -> ARMUTLU1061 | H185: 64214070 | I185: =IF(VLOOKUP(G185,'Bereketli Satış'!J:AK,5,0)="","",VLOOKUP(G185,'Bereketli Satış'!J:AK,5,0)) -> #N/A | J185: =IF(VLOOKUP(G185,'Bereketli Satış'!J:AK,28,0)="","",VLOOKUP(G185,'Bereketli Satış'!J:AK,28,0)) -> #N/A | L185: 46295 | M185: =IF(VLOOKUP(G185,'Bereketli Satış'!J:AK,30,0)="","",VLOOKUP(G185,'Bereketli Satış'!J:AK,30,0)) -> #N/A | P185: =IF(VLOOKUP(G185,'Bereketli Satış'!J:AK,32,0)="","",VLOOKUP(G185,'Bereketli Satış'!J:AK,32,0)) -> #N/A
A186: BALIKESİR | B186: SUSURLUK | C186: REŞADİYE | D186: 385.97 | E186: 181 | F186: 16 | G186: =C186&E186&F186 -> REŞADİYE18116 | I186: =IF(VLOOKUP(G186,'Bereketli Satış'!J:AK,5,0)="","",VLOOKUP(G186,'Bereketli Satış'!J:AK,5,0)) -> #N/A | J186: =IF(VLOOKUP(G186,'Bereketli Satış'!J:AK,28,0)="","",VLOOKUP(G186,'Bereketli Satış'!J:AK,28,0)) -> #N/A | M186: =IF(VLOOKUP(G186,'Bereketli Satış'!J:AK,30,0)="","",VLOOKUP(G186,'Bereketli Satış'!J:AK,30,0)) -> #N/A | P186: =IF(VLOOKUP(G186,'Bereketli Satış'!J:AK,32,0)="","",VLOOKUP(G186,'Bereketli Satış'!J:AK,32,0)) -> #N/A
A187: BALIKESİR | B187: SUSURLUK | C187: REŞADİYE | D187: 385.97 | E187: 181 | F187: 17 | G187: =C187&E187&F187 -> REŞADİYE18117 | I187: =IF(VLOOKUP(G187,'Bereketli Satış'!J:AK,5,0)="","",VLOOKUP(G187,'Bereketli Satış'!J:AK,5,0)) -> #N/A | J187: =IF(VLOOKUP(G187,'Bereketli Satış'!J:AK,28,0)="","",VLOOKUP(G187,'Bereketli Satış'!J:AK,28,0)) -> #N/A | M187: =IF(VLOOKUP(G187,'Bereketli Satış'!J:AK,30,0)="","",VLOOKUP(G187,'Bereketli Satış'!J:AK,30,0)) -> #N/A | P187: =IF(VLOOKUP(G187,'Bereketli Satış'!J:AK,32,0)="","",VLOOKUP(G187,'Bereketli Satış'!J:AK,32,0)) -> #N/A
A188: BALIKESİR | B188: SUSURLUK | C188: REŞADİYE | D188: 393.99 | E188: 167 | F188: 13 | G188: =C188&E188&F188 -> REŞADİYE16713 | I188: =IF(VLOOKUP(G188,'Bereketli Satış'!J:AK,5,0)="","",VLOOKUP(G188,'Bereketli Satış'!J:AK,5,0)) -> #N/A | J188: =IF(VLOOKUP(G188,'Bereketli Satış'!J:AK,28,0)="","",VLOOKUP(G188,'Bereketli Satış'!J:AK,28,0)) -> #N/A | M188: =IF(VLOOKUP(G188,'Bereketli Satış'!J:AK,30,0)="","",VLOOKUP(G188,'Bereketli Satış'!J:AK,30,0)) -> #N/A | P188: =IF(VLOOKUP(G188,'Bereketli Satış'!J:AK,32,0)="","",VLOOKUP(G188,'Bereketli Satış'!J:AK,32,0)) -> #N/A
A189: BALIKESİR | B189: SUSURLUK | C189: REŞADİYE | D189: 395.29 | E189: 166 | F189: 12 | G189: =C189&E189&F189 -> REŞADİYE16612 | I189: =IF(VLOOKUP(G189,'Bereketli Satış'!J:AK,5,0)="","",VLOOKUP(G189,'Bereketli Satış'!J:AK,5,0)) -> #N/A | J189: =IF(VLOOKUP(G189,'Bereketli Satış'!J:AK,28,0)="","",VLOOKUP(G189,'Bereketli Satış'!J:AK,28,0)) -> #N/A | M189: =IF(VLOOKUP(G189,'Bereketli Satış'!J:AK,30,0)="","",VLOOKUP(G189,'Bereketli Satış'!J:AK,30,0)) -> #N/A | P189: =IF(VLOOKUP(G189,'Bereketli Satış'!J:AK,32,0)="","",VLOOKUP(G189,'Bereketli Satış'!J:AK,32,0)) -> #N/A
A190: BALIKESİR | B190: SUSURLUK | C190: REŞADİYE | D190: 395.3 | E190: 166 | F190: 11 | G190: =C190&E190&F190 -> REŞADİYE16611 | I190: =IF(VLOOKUP(G190,'Bereketli Satış'!J:AK,5,0)="","",VLOOKUP(G190,'Bereketli Satış'!J:AK,5,0)) -> #N/A | J190: =IF(VLOOKUP(G190,'Bereketli Satış'!J:AK,28,0)="","",VLOOKUP(G190,'Bereketli Satış'!J:AK,28,0)) -> #N/A | M190: =IF(VLOOKUP(G190,'Bereketli Satış'!J:AK,30,0)="","",VLOOKUP(G190,'Bereketli Satış'!J:AK,30,0)) -> #N/A | P190: =IF(VLOOKUP(G190,'Bereketli Satış'!J:AK,32,0)="","",VLOOKUP(G190,'Bereketli Satış'!J:AK,32,0)) -> #N/A
A191: BALIKESİR | B191: SUSURLUK | C191: REŞADİYE | D191: 395.3 | E191: 166 | F191: 19 | G191: =C191&E191&F191 -> REŞADİYE16619 | I191: =IF(VLOOKUP(G191,'Bereketli Satış'!J:AK,5,0)="","",VLOOKUP(G191,'Bereketli Satış'!J:AK,5,0)) -> #N/A | J191: =IF(VLOOKUP(G191,'Bereketli Satış'!J:AK,28,0)="","",VLOOKUP(G191,'Bereketli Satış'!J:AK,28,0)) -> #N/A | M191: =IF(VLOOKUP(G191,'Bereketli Satış'!J:AK,30,0)="","",VLOOKUP(G191,'Bereketli Satış'!J:AK,30,0)) -> #N/A | P191: =IF(VLOOKUP(G191,'Bereketli Satış'!J:AK,32,0)="","",VLOOKUP(G191,'Bereketli Satış'!J:AK,32,0)) -> #N/A
A192: BALIKESİR | B192: SUSURLUK | C192: REŞADİYE | D192: 395.3 | E192: 166 | F192: 19 | G192: =C192&E192&F192 -> REŞADİYE16619 | I192: =IF(VLOOKUP(G192,'Bereketli Satış'!J:AK,5,0)="","",VLOOKUP(G192,'Bereketli Satış'!J:AK,5,0)) -> #N/A | J192: =IF(VLOOKUP(G192,'Bereketli Satış'!J:AK,28,0)="","",VLOOKUP(G192,'Bereketli Satış'!J:AK,28,0)) -> #N/A | M192: =IF(VLOOKUP(G192,'Bereketli Satış'!J:AK,30,0)="","",VLOOKUP(G192,'Bereketli Satış'!J:AK,30,0)) -> #N/A | P192: =IF(VLOOKUP(G192,'Bereketli Satış'!J:AK,32,0)="","",VLOOKUP(G192,'Bereketli Satış'!J:AK,32,0)) -> #N/A
A193: BALIKESİR | B193: DURSUNBEY | C193: AŞAĞIMUSALAR | D193: 301.66 | E193: 169 | F193: 2 | G193: =C193&E193&F193 -> AŞAĞIMUSALAR1692 | I193: =IF(VLOOKUP(G193,'Bereketli Satış'!J:AK,5,0)="","",VLOOKUP(G193,'Bereketli Satış'!J:AK,5,0)) -> #N/A | J193: =IF(VLOOKUP(G193,'Bereketli Satış'!J:AK,28,0)="","",VLOOKUP(G193,'Bereketli Satış'!J:AK,28,0)) -> #N/A | M193: =IF(VLOOKUP(G193,'Bereketli Satış'!J:AK,30,0)="","",VLOOKUP(G193,'Bereketli Satış'!J:AK,30,0)) -> #N/A | P193: =IF(VLOOKUP(G193,'Bereketli Satış'!J:AK,32,0)="","",VLOOKUP(G193,'Bereketli Satış'!J:AK,32,0)) -> #N/A
A194: BALIKESİR | B194: SINDIRGI | C194: İBİLLER | D194: 393.94 | E194: 118 | F194: 13 | G194: =C194&E194&F194 -> İBİLLER11813 | I194: =IF(VLOOKUP(G194,'Bereketli Satış'!J:AK,5,0)="","",VLOOKUP(G194,'Bereketli Satış'!J:AK,5,0)) -> #N/A | J194: =IF(VLOOKUP(G194,'Bereketli Satış'!J:AK,28,0)="","",VLOOKUP(G194,'Bereketli Satış'!J:AK,28,0)) -> #N/A | M194: =IF(VLOOKUP(G194,'Bereketli Satış'!J:AK,30,0)="","",VLOOKUP(G194,'Bereketli Satış'!J:AK,30,0)) -> #N/A | P194: =IF(VLOOKUP(G194,'Bereketli Satış'!J:AK,32,0)="","",VLOOKUP(G194,'Bereketli Satış'!J:AK,32,0)) -> #N/A
A195: BALIKESİR | B195: SINDIRGI | C195: İBİLLER | D195: 394.23 | E195: 118 | F195: 14 | G195: =C195&E195&F195 -> İBİLLER11814 | I195: =IF(VLOOKUP(G195,'Bereketli Satış'!J:AK,5,0)="","",VLOOKUP(G195,'Bereketli Satış'!J:AK,5,0)) -> #N/A | J195: =IF(VLOOKUP(G195,'Bereketli Satış'!J:AK,28,0)="","",VLOOKUP(G195,'Bereketli Satış'!J:AK,28,0)) -> #N/A | M195: =IF(VLOOKUP(G195,'Bereketli Satış'!J:AK,30,0)="","",VLOOKUP(G195,'Bereketli Satış'!J:AK,30,0)) -> #N/A | P195: =IF(VLOOKUP(G195,'Bereketli Satış'!J:AK,32,0)="","",VLOOKUP(G195,'Bereketli Satış'!J:AK,32,0)) -> #N/A
A196: BALIKESİR | B196: SUSURLUK | C196: ILICABOĞAZI | D196: 498.78 | E196: 103 | F196: 58 | G196: =C196&E196&F196 -> ILICABOĞAZI10358 | I196: =IF(VLOOKUP(G196,'Bereketli Satış'!J:AK,5,0)="","",VLOOKUP(G196,'Bereketli Satış'!J:AK,5,0)) -> #N/A | J196: =IF(VLOOKUP(G196,'Bereketli Satış'!J:AK,28,0)="","",VLOOKUP(G196,'Bereketli Satış'!J:AK,28,0)) -> #N/A | M196: =IF(VLOOKUP(G196,'Bereketli Satış'!J:AK,30,0)="","",VLOOKUP(G196,'Bereketli Satış'!J:AK,30,0)) -> #N/A | P196: =IF(VLOOKUP(G196,'Bereketli Satış'!J:AK,32,0)="","",VLOOKUP(G196,'Bereketli Satış'!J:AK,32,0)) -> #N/A
A197: MANİSA | B197: DEMİRCİ | C197: Bardakçı | D197: 344.75 | E197: 108 | F197: 6 | G197: =C197&E197&F197 -> Bardakçı1086 | I197: =IF(VLOOKUP(G197,'Bereketli Satış'!J:AK,5,0)="","",VLOOKUP(G197,'Bereketli Satış'!J:AK,5,0)) -> #N/A | J197: =IF(VLOOKUP(G197,'Bereketli Satış'!J:AK,28,0)="","",VLOOKUP(G197,'Bereketli Satış'!J:AK,28,0)) -> #N/A | M197: =IF(VLOOKUP(G197,'Bereketli Satış'!J:AK,30,0)="","",VLOOKUP(G197,'Bereketli Satış'!J:AK,30,0)) -> #N/A | P197: =IF(VLOOKUP(G197,'Bereketli Satış'!J:AK,32,0)="","",VLOOKUP(G197,'Bereketli Satış'!J:AK,32,0)) -> #N/A
... A212: AYDIN | B212: GERMENCİK | C212: CAMİKEBİR | D212: 393.84 | E212: 314 | F212: 1 | G212: =C212&E212&F212 -> CAMİKEBİR3141 | I212: =IF(VLOOKUP(G212,'Bereketli Satış'!J:AK,5,0)="","",VLOOKUP(G212,'Bereketli Satış'!J:AK,5,0)) -> #N/A | J212: =IF(VLOOKUP(G212,'Bereketli Satış'!J:AK,28,0)="","",VLOOKUP(G212,'Bereketli Satış'!J:AK,28,0)) -> #N/A | M212: =IF(VLOOKUP(G212,'Bereketli Satış'!J:AK,30,0)="","",VLOOKUP(G212,'Bereketli Satış'!J:AK,30,0)) -> #N/A | P212: =IF(VLOOKUP(G212,'Bereketli Satış'!J:AK,32,0)="","",VLOOKUP(G212,'Bereketli Satış'!J:AK,32,0)) -> #N/A
A213: MANİSA | B213: ALAŞEHİR | C213: KİLLİK | D213: 430 | E213: 236 | F213: 5 | G213: =C213&E213&F213 -> KİLLİK2365 | H213: 31169574 | I213: =IF(VLOOKUP(G213,'Bereketli Satış'!J:AK,5,0)="","",VLOOKUP(G213,'Bereketli Satış'!J:AK,5,0)) -> #N/A | J213: =IF(VLOOKUP(G213,'Bereketli Satış'!J:AK,28,0)="","",VLOOKUP(G213,'Bereketli Satış'!J:AK,28,0)) -> #N/A | L213: 45930 | M213: =IF(VLOOKUP(G213,'Bereketli Satış'!J:AK,30,0)="","",VLOOKUP(G213,'Bereketli Satış'!J:AK,30,0)) -> #N/A | P213: =IF(VLOOKUP(G213,'Bereketli Satış'!J:AK,32,0)="","",VLOOKUP(G213,'Bereketli Satış'!J:AK,32,0)) -> #N/A
...

Sheet İbiller satış
A1: İL | B1: İlçe | C1: MAHALLE | D1: Alan | E1: ADA | F1: PARSEL | G1: Nitelik | H1: M2 FİYATI | I1: İLAN Fiyatı | J1: PEŞİN İSKONTOLU M2 FİYATI | K1: Peşin İskontolu Fiyat | L1: 12 Ay Taksitli M2 Fiyat | M1: 12 Ay Taksitli Fiyat | N1: 12 ay taksitli peşinat | O1: 12 ay taksit tutarı | P1: 24 ay taksitli M2 fiyat | Q1: 24 ay taksitli fiyat | R1: 24 ay taksitli peşinat | S1: 24 ay taksit tutarı
A2: BALIKESİR | B2: SINDIRGI | C2: İBİLLER | D2: 390.18 | E2: 122 | F2: 37 | G2: ARSA | H2: 2500 | I2: 980000 | J2: 1750 | K2: =ROUND(J2*D2,-4) -> 680000 | L2: =1.1*J2 -> 1925 | M2: =ROUND(L2*D2,-4) -> 750000 | N2: =M2/2 -> 375000 | O2: =N2/12 -> 31250 | P2: =L2*1.1 -> 2117.5 | Q2: =ROUND(P2*D2,-4) -> 830000 | R2: =Q2/2 -> 415000 | S2: =R2/24 -> 17291.667
A3: BALIKESİR | B3: SINDIRGI | C3: İBİLLER | D3: 390.26 | E3: 122 | F3: 38 | G3: ARSA | H3: 2500 | I3: 980000 | J3: 1750 | K3: =ROUND(J3*D3,-4) -> 680000 | L3: =1.1*J3 -> 1925 | M3: =ROUND(L3*D3,-4) -> 750000 | N3: =M3/2 -> 375000 | O3: =N3/12 -> 31250 | P3: =L3*1.1 -> 2117.5 | Q3: =ROUND(P3*D3,-4) -> 830000 | R3: =Q3/2 -> 415000 | S3: =R3/24 -> 17291.667
A4: BALIKESİR | B4: SINDIRGI | C4: İBİLLER | D4: 391.1 | E4: 122 | F4: 39 | G4: ARSA | H4: 2500 | I4: 980000 | J4: 1750 | K4: =ROUND(J4*D4,-4) -> 680000 | L4: =1.1*J4 -> 1925 | M4: =ROUND(L4*D4,-4) -> 750000 | N4: =M4/2 -> 375000 | O4: =N4/12 -> 31250 | P4: =L4*1.1 -> 2117.5 | Q4: =ROUND(P4*D4,-4) -> 830000 | R4: =Q4/2 -> 415000 | S4: =R4/24 -> 17291.667
A5: BALIKESİR | B5: SINDIRGI | C5: İBİLLER | D5: 394.87 | E5: 118 | F5: 17 | G5: ARSA | H5: 2500 | I5: 990000 | J5: 1750 | K5: =ROUND(J5*D5,-4) -> 690000 | L5: =1.1*J5 -> 1925 | M5: =ROUND(L5*D5,-4) -> 760000 | N5: =M5/2 -> 380000 | O5: =N5/12 -> 31666.667 | P5: =L5*1.1 -> 2117.5 | Q5: =ROUND(P5*D5,-4) -> 840000 | R5: =Q5/2 -> 420000 | S5: =R5/24 -> 17500
A6: BALIKESİR | B6: SINDIRGI | C6: İBİLLER | D6: 396.54 | E6: 122 | F6: 17 | G6: ARSA | H6: 2500 | I6: 990000 | J6: 1750 | K6: =ROUND(J6*D6,-4) -> 690000 | L6: =1.1*J6 -> 1925 | M6: =ROUND(L6*D6,-4) -> 760000 | N6: =M6/2 -> 380000 | O6: =N6/12 -> 31666.667 | P6: =L6*1.1 -> 2117.5 | Q6: =ROUND(P6*D6,-4) -> 840000 | R6: =Q6/2 -> 420000 | S6: =R6/24 -> 17500
A7: BALIKESİR | B7: SINDIRGI | C7: İBİLLER | D7: 396.65 | E7: 122 | F7: 18 | G7: ARSA | H7: 2500 | I7: 990000 | J7: 1750 | K7: =ROUND(J7*D7,-4) -> 690000 | L7: =1.1*J7 -> 1925 | M7: =ROUND(L7*D7,-4) -> 760000 | N7: =M7/2 -> 380000 | O7: =N7/12 -> 31666.667 | P7: =L7*1.1 -> 2117.5 | Q7: =ROUND(P7*D7,-4) -> 840000 | R7: =Q7/2 -> 420000 | S7: =R7/24 -> 17500
A8: BALIKESİR | B8: SINDIRGI | C8: İBİLLER | D8: 413.58 | E8: 122 | F8: 28 | G8: ARSA | H8: 2500 | I8: 1030000 | J8: 1750 | K8: =ROUND(J8*D8,-4) -> 720000 | L8: =1.1*J8 -> 1925 | M8: =ROUND(L8*D8,-4) -> 800000 | N8: =M8/2 -> 400000 | O8: =N8/12 -> 33333.333 | P8: =L8*1.1 -> 2117.5 | Q8: =ROUND(P8*D8,-4) -> 880000 | R8: =Q8/2 -> 440000 | S8: =R8/24 -> 18333.333
A9: BALIKESİR | B9: SINDIRGI | C9: İBİLLER | D9: 417.69 | E9: 122 | F9: 16 | G9: ARSA | H9: 2500 | I9: 1040000 | J9: 1750 | K9: =ROUND(J9*D9,-4) -> 730000 | L9: =1.1*J9 -> 1925 | M9: =ROUND(L9*D9,-4) -> 800000 | N9: =M9/2 -> 400000 | O9: =N9/12 -> 33333.333 | P9: =L9*1.1 -> 2117.5 | Q9: =ROUND(P9*D9,-4) -> 880000 | R9: =Q9/2 -> 440000 | S9: =R9/24 -> 18333.333
A10: BALIKESİR | B10: SINDIRGI | C10: İBİLLER | D10: 423.76 | E10: 121 | F10: 12 | G10: ARSA | H10: 2500 | I10: 1060000 | J10: 1750 | K10: =ROUND(J10*D10,-4) -> 740000 | L10: =1.1*J10 -> 1925 | M10: =ROUND(L10*D10,-4) -> 820000 | N10: =M10/2 -> 410000 | O10: =N10/12 -> 34166.667 | P10: =L10*1.1 -> 2117.5 | Q10: =ROUND(P10*D10,-4) -> 900000 | R10: =Q10/2 -> 450000 | S10: =R10/24 -> 18750
A11: BALIKESİR | B11: SINDIRGI | C11: İBİLLER | D11: 454.13 | E11: 117 | F11: 20 | G11: ARSA | H11: 2500 | I11: 1140000 | J11: 1750 | K11: =ROUND(J11*D11,-4) -> 790000 | L11: =1.1*J11 -> 1925 | M11: =ROUND(L11*D11,-4) -> 870000 | N11: =M11/2 -> 435000 | O11: =N11/12 -> 36250 | P11: =L11*1.1 -> 2117.5 | Q11: =ROUND(P11*D11,-4) -> 960000 | R11: =Q11/2 -> 480000 | S11: =R11/24 -> 20000
A12: BALIKESİR | B12: SINDIRGI | C12: İBİLLER | D12: 460 | E12: 118 | F12: 20 | G12: ARSA | H12: 2500 | I12: 1150000 | J12: 1750 | K12: =ROUND(J12*D12,-4) -> 810000 | L12: =1.1*J12 -> 1925 | M12: =ROUND(L12*D12,-4) -> 890000 | N12: =M12/2 -> 445000 | O12: =N12/12 -> 37083.333 | P12: =L12*1.1 -> 2117.5 | Q12: =ROUND(P12*D12,-4) -> 970000 | R12: =Q12/2 -> 485000 | S12: =R12/24 -> 20208.333
A13: BALIKESİR | B13: SINDIRGI | C13: İBİLLER | D13: 460 | E13: 118 | F13: 21 | G13: ARSA | H13: 2500 | I13: 1150000 | J13: 1750 | K13: =ROUND(J13*D13,-4) -> 810000 | L13: =1.1*J13 -> 1925 | M13: =ROUND(L13*D13,-4) -> 890000 | N13: =M13/2 -> 445000 | O13: =N13/12 -> 37083.333 | P13: =L13*1.1 -> 2117.5 | Q13: =ROUND(P13*D13,-4) -> 970000 | R13: =Q13/2 -> 485000 | S13: =R13/24 -> 20208.333
A14: BALIKESİR | B14: SINDIRGI | C14: İBİLLER | D14: 460 | E14: 118 | F14: 22 | G14: ARSA | H14: 2500 | I14: 1150000 | J14: 1750 | K14: =ROUND(J14*D14,-4) -> 810000 | L14: =1.1*J14 -> 1925 | M14: =ROUND(L14*D14,-4) -> 890000 | N14: =M14/2 -> 445000 | O14: =N14/12 -> 37083.333 | P14: =L14*1.1 -> 2117.5 | Q14: =ROUND(P14*D14,-4) -> 970000 | R14: =Q14/2 -> 485000 | S14: =R14/24 -> 20208.333

Sheet Master Veri 
A1: ŞEHİRAYDIN | B1: İLÇE | C1: MAHALLE | D1: YÜZ ÖLÇÜMÜ M2 | E1: ADA | F1: PARSEL | G1: KOD | H1: HANGİ ŞİRKET? | I1: RESMİ ALIŞ FİYATI (KDV HARİÇ) | J1: RESMİ SATIŞ FİYATI
A2: BALIKESİR | B2: KARESİ | C2: TURPLU | D2: 615.05 | E2: 138 | F2: 4 | G2: =C2&E2&F2 -> TURPLU1384 | H2: BİLAL AKTAŞ | I2: 160000 | J2: 105000
A3: BALIKESİR | B3: KARESİ | C3: BÜYÜKPINAR | D3: 952.16 | E3: 135 | F3: 5 | G3: =C3&E3&F3 -> BÜYÜKPINAR1355 | H3: BİLAL AKTAŞ | I3: 70000 | J3: 80000
A4: BALIKESİR | B4: KARESİ | C4: BÜYÜKPINAR | D4: 1130.52 | E4: 135 | F4: 1 | G4: =C4&E4&F4 -> BÜYÜKPINAR1351 | H4: BİLAL AKTAŞ | I4: 75000 | J4: 80000
A5: BALIKESİR | B5: KARESİ | C5: BAKACAK | D5: 499.86 | E5: 121 | F5: 5 | G5: =C5&E5&F5 -> BAKACAK1215 | H5: BİLAL AKTAŞ | I5: 230000 | J5: 240000
A6: BALIKESİR | B6: ALTIEYLÜL | C6: SELİMİYE | D6: 561.91 | E6: 128 | F6: 2 | G6: =C6&E6&F6 -> SELİMİYE1282 | H6: BİLAL AKTAŞ | I6: 232000 | J6: 250000
A7: BALIKESİR | B7: SINDIRGI | C7: ARMUTLU | D7: 559.9 | E7: 104 | F7: 5 | G7: =C7&E7&F7 -> ARMUTLU1045 | H7: BEREKETLİ AŞ | I7: 310000 | J7: 345000
A8: BALIKESİR | B8: KARESİ | C8: BÜYÜKPINAR | D8: 984.65 | E8: 134 | F8: 6 | G8: =C8&E8&F8 -> BÜYÜKPINAR1346 | H8: BİLAL AKTAŞ | I8: 15000 | J8: 20900
A9: BALIKESİR | B9: KARESİ | C9: BÜYÜKPINAR | D9: 928.38 | E9: 134 | F9: 8 | G9: =C9&E9&F9 -> BÜYÜKPINAR1348 | H9: BİLAL AKTAŞ | I9: 15000 | J9: 25900
A10: BALIKESİR | B10: KARESİ | C10: BÜYÜKPINAR | D10: 1040.5 | E10: 134 | F10: 7 | G10: =C10&E10&F10 -> BÜYÜKPINAR1347 | H10: BİLAL AKTAŞ | I10: 15000 | J10: 25900
A11: BALIKESİR | B11: SINDIRGI | C11: DERECİKÖREN | D11: 343.53 | E11: 205 | F11: 5 | G11: =C11&E11&F11 -> DERECİKÖREN2055 | H11: BİLAL AKTAŞ | I11: 6500 | J11: 7000
A12: ÇANAKKALE | B12: BİGA | C12: ÇEŞMEALTI | D12: 490.73 | E12: 588 | F12: 4 | G12: =C12&E12&F12 -> ÇEŞMEALTI5884 | H12: BİLAL AKTAŞ | I12: 100000 | J12: 101000
A13: BALIKESİR | B13: İVRİNDİ | C13: GÖZLÜÇAYIR | D13: 528.46 | E13: 165 | F13: 60 | G13: =C13&E13&F13 -> GÖZLÜÇAYIR16560 | H13: BİLAL AKTAŞ | I13: 3435 | J13: 5000
... A37: MANİSA | B37: ŞEHZADELER | C37: TEPECİK | D37: 612.5 | E37: 102 | F37: 4 | G37: =C37&E37&F37 -> TEPECİK1024 | H37: BİLAL AKTAŞ | I37: 380000 | J37: 400000
A38: BALIKESİR | B38: SINDIRGI | C38: ARMUTLU | D38: 793.35 | E38: 102 | F38: 1 | G38: =C38&E38&F38 -> ARMUTLU1021 | H38: BEREKETLİ AŞ | I38: 445000
A39: BALIKESİR | B39: KARESİ | C39: KUVAYİ MİLLİYE | D39: 304.6 | E39: 12450 | F39: 11 | G39: =C39&E39&F39 -> KUVAYİ MİLLİYE1245011 | H39: BİLAL AKTAŞ | I39: 165000 | J39: 170000
A40: BALIKESİR | B40: SINDIRGI | C40: ARMUTLU | D40: 816 | E40: 102 | F40: 3 | G40: =C40&E40&F40 -> ARMUTLU1023 | H40: BEREKETLİ AŞ | I40: 455000 | J40: 460000
A41: BALIKESİR | B41: SINDIRGI | C41: ARMUTLU | D41: 816 | E41: 102 | F41: 4 | G41: =C41&E41&F41 -> ARMUTLU1024 | H41: BEREKETLİ AŞ | I41: 460000 | J41: 480000
A42: BALIKESİR | B42: KARESİ | C42: KUVAYİ MİLLİYE | D42: 304.52 | E42: 12450 | F42: 9 | G42: =C42&E42&F42 -> KUVAYİ MİLLİYE124509 | H42: BİLAL AKTAŞ | I42: 165000 | J42: 167000
A43: BALIKESİR | B43: KARESİ | C43: NAİPLİ | D43: 1221.58 | E43: 122 | F43: 8 | G43: =C43&E43&F43 -> NAİPLİ1228 | H43: BİLAL AKTAŞ | I43: 30000 | J43: 0
A44: BALIKESİR | B44: KARESİ | C44: BÜYÜKPINAR | D44: 785.63 | E44: 123 | F44: 6 | G44: =C44&E44&F44 -> BÜYÜKPINAR1236 | H44: BİLAL AKTAŞ | I44: 100000 | J44: 165000
A45: BALIKESİR | B45: KARESİ | C45: BÜYÜKPINAR | D45: 693.89 | E45: 123 | F45: 2 | G45: =C45&E45&F45 -> BÜYÜKPINAR1232 | H45: BİLAL AKTAŞ | I45: 50000 | J45: 55000
A46: BALIKESİR | B46: KARESİ | C46: BÜYÜKPINAR | D46: 777.22 | E46: 133 | F46: 5 | G46: =C46&E46&F46 -> BÜYÜKPINAR1335 | H46: BİLAL AKTAŞ | I46: 50000 | J46: 55000
A47: MANİSA | B47: DEMİRCİ | C47: HÜDÜK | D47: 1276.43 | E47: 169 | F47: 6 | G47: =C47&E47&F47 -> HÜDÜK1696 | H47: BİLAL AKTAŞ | I47: 18000 | J47: 0
A48: MANİSA | B48: DEMİRCİ | C48: BOYACIK | D48: 1140.36 | E48: 215 | F48: 20 | G48: =C48&E48&F48 -> BOYACIK21520 | H48: BİLAL AKTAŞ | I48: 19000 | J48: 0
A49: MANİSA | B49: DEMİRCİ | C49: KULALAR | D49: 1528.07 | E49: 128 | F49: 2 | G49: =C49&E49&F49 -> KULALAR1282 | H49: BİLAL AKTAŞ | I49: 55000 | J49: 0
A50: MANİSA | B50: DEMİRCİ | C50: MİNNETLER | D50: 2059.02 | E50: 103 | F50: 558 | G50: =C50&E50&F50 -> MİNNETLER103558 | H50: BİLAL AKTAŞ | I50: 30000 | J50: 0
... A68: BALIKESİR | B68: KARESİ | C68: BÜYÜKPINAR | D68: 614.75 | E68: 125 | F68: 5 | G68: =C68&E68&F68 -> BÜYÜKPINAR1255 | H68: BİLAL AKTAŞ | I68: 25000 | J68: 30000
A69: BALIKESİR | B69: SINDIRGI | C69: ARMUTLU | D69: 816 | E69: 102 | F69: 7 | G69: =C69&E69&F69 -> ARMUTLU1027 | H69: BEREKETLİ AŞ | I69: 460000
A70: MANİSA | B70: GÖRDES | C70: BEĞEL | D70: 302.21 | E70: 103 | F70: 6 | G70: =C70&E70&F70 -> BEĞEL1036 | H70: BİLAL AKTAŞ | I70: 20000 | J70: 22000
A71: BALIKESİR | B71: KARESİ | C71: BÜYÜKPINAR | D71: 988.72 | E71: 135 | F71: 4 | G71: =C71&E71&F71 -> BÜYÜKPINAR1354 | H71: BİLAL AKTAŞ | I71: 30000 | J71: 35000
A72: BALIKESİR | B72: KARESİ | C72: KIRMIZILAR | D72: 433.54 | E72: 180 | F72: 13 | G72: =C72&E72&F72 -> KIRMIZILAR18013 | H72: BİLAL AKTAŞ | I72: 50000 | J72: 52000
A73: BALIKESİR | B73: KARESİ | C73: KIRMIZILAR | D73: 461.08 | E73: 180 | F73: 14 | G73: =C73&E73&F73 -> KIRMIZILAR18014 | H73: BİLAL AKTAŞ | I73: 50000 | J73: 52000
A74: BALIKESİR | B74: KARESİ | C74: KUVAYİ MİLLİYE | D74: 304.48 | E74: 12450 | F74: 10 | G74: =C74&E74&F74 -> KUVAYİ MİLLİYE1245010 | H74: BİLAL AKTAŞ | I74: 165000 | J74: 170000
A75: BALIKESİR | B75: KARESİ | C75: KUVAYİ MİLLİYE | D75: 299.34 | E75: 12450 | F75: 2 | G75: =C75&E75&F75 -> KUVAYİ MİLLİYE124502 | H75: BİLAL AKTAŞ | I75: 165000
A76: BALIKESİR | B76: KARESİ | C76: KUVAYİ MİLLİYE | D76: 303.03 | E76: 12450 | F76: 3 | G76: =C76&E76&F76 -> KUVAYİ MİLLİYE124503 | H76: BİLAL AKTAŞ | I76: 165000 | J76: 170000
A77: BALIKESİR | B77: KARESİ | C77: KUVAYİ MİLLİYE | D77: 306.77 | E77: 12450 | F77: 4 | G77: =C77&E77&F77 -> KUVAYİ MİLLİYE124504 | H77: BİLAL AKTAŞ | I77: 165000 | J77: 170000
A78: BALIKESİR | B78: KARESİ | C78: KUVAYİ MİLLİYE | D78: 310.77 | E78: 12450 | F78: 5 | G78: =C78&E78&F78 -> KUVAYİ MİLLİYE124505 | H78: BİLAL AKTAŞ | I78: 165000 | J78: 170000
A79: BALIKESİR | B79: KARESİ | C79: KUVAYİ MİLLİYE | D79: 375.52 | E79: 12450 | F79: 6 | G79: =C79&E79&F79 -> KUVAYİ MİLLİYE124506 | H79: BİLAL AKTAŞ | I79: 205000 | J79: 210000
A80: İZMİR | B80: DİKİLİ | C80: İSLAMLAR | D80: 438.52 | E80: 103 | F80: 7 | G80: =C80&E80&F80 -> İSLAMLAR1037 | H80: BİLAL AKTAŞ | I80: 350000 | J80: 500000
A81: İZMİR | B81: DİKİLİ | C81: KATIRALANI | D81: 444.86 | E81: 150 | F81: 10 | G81: =C81&E81&F81 -> KATIRALANI15010 | H81: BİLAL AKTAŞ | I81: 1050000 | J81: 1102500
A82: İZMİR | B82: DİKİLİ | C82: KATIRALANI | D82: 437.6 | E82: 155 | F82: 8 | G82: =C82&E82&F82 -> KATIRALANI1558 | H82: BİLAL AKTAŞ | I82: 1350000 | J82: 1355000
A83: İZMİR | B83: DİKİLİ | C83: KATIRALANI | D83: 442.79 | E83: 155 | F83: 3 | G83: =C83&E83&F83 -> KATIRALANI1553 | H83: BİLAL AKTAŞ | I83: 950000 | J83: 975000
A84: İZMİR | B84: DİKİLİ | C84: KATIRALANI | D84: 464.42 | E84: 155 | F84: 4 | G84: =C84&E84&F84 -> KATIRALANI1554 | H84: BİLAL AKTAŞ | I84: 1150000 | J84: 1200000
A85: İZMİR | B85: DİKİLİ | C85: KATIRALANI | D85: 479.53 | E85: 155 | F85: 5 | G85: =C85&E85&F85 -> KATIRALANI1555 | H85: BİLAL AKTAŞ | I85: 1350000 | J85: 1400000
A86: BALIKESİR | B86: SUSURLUK | C86: REŞADİYE | D86: 484 | E86: 157 | F86: 5 | G86: =C86&E86&F86 -> REŞADİYE1575 | H86: BİLAL AKTAŞ | I86: 476000 | J86: 490000
A87: BALIKESİR | B87: SUSURLUK | C87: REŞADİYE | D87: 465.71 | E87: 157 | F87: 6 | G87: =C87&E87&F87 -> REŞADİYE1576 | H87: BİLAL AKTAŞ | I87: 501000 | J87: 502000
... A89: BALIKESİR | B89: SINDIRGI | C89: ARMUTLU | D89: 816.47 | E89: 102 | F89: 8 | G89: =C89&E89&F89 -> ARMUTLU1028 | H89: BEREKETLİ AŞ | I89: 455000 | J89: 525000
A90: BALIKESİR | B90: SINDIRGI | C90: ARMUTLU | D90: 559.93 | E90: 104 | F90: 7 | G90: =C90&E90&F90 -> ARMUTLU1047 | H90: BEREKETLİ AŞ | I90: 310000
A91: BALIKESİR | B91: SUSURLUK | C91: REŞADİYE | D91: 655.61 | E91: 158 | F91: 1 | G91: =C91&E91&F91 -> REŞADİYE1581 | H91: BİLAL AKTAŞ | I91: 251000
A92: BALIKESİR | B92: SUSURLUK | C92: REŞADİYE | D92: 534.42 | E92: 158 | F92: 2 | G92: =C92&E92&F92 -> REŞADİYE1582 | H92: BİLAL AKTAŞ | I92: 465000
A93: BALIKESİR | B93: SUSURLUK | C93: REŞADİYE | D93: 671.79 | E93: 158 | F93: 3 | G93: =C93&E93&F93 -> REŞADİYE1583 | H93: BİLAL AKTAŞ | I93: 250000
A94: BALIKESİR | B94: SUSURLUK | C94: REŞADİYE | D94: 715.06 | E94: 158 | F94: 4 | G94: =C94&E94&F94 -> REŞADİYE1584 | H94: BİLAL AKTAŞ | I94: 400000
A95: BALIKESİR | B95: SUSURLUK | C95: REŞADİYE | D95: 663.6 | E95: 158 | F95: 5 | G95: =C95&E95&F95 -> REŞADİYE1585 | H95: BİLAL AKTAŞ | I95: 320000
A96: BALIKESİR | B96: SUSURLUK | C96: REŞADİYE | D96: 647.39 | E96: 158 | F96: 6 | G96: =C96&E96&F96 -> REŞADİYE1586 | H96: BİLAL AKTAŞ | I96: 236000
A97: BALIKESİR | B97: SUSURLUK | C97: REŞADİYE | D97: 342.81 | E97: 158 | F97: 7 | G97: =C97&E97&F97 -> REŞADİYE1587 | H97: BİLAL AKTAŞ | I97: =($I$91/$D$91)*D97 -> 131244.66 | J97: 136500
A98: BALIKESİR | B98: SUSURLUK | C98: REŞADİYE | D98: 312.8 | E98: 158 | F98: 8 | G98: =C98&E98&F98 -> REŞADİYE1588 | H98: BİLAL AKTAŞ | I98: =($I$91/$D$91)*D98 -> 119755.34 | J98: 129000
A99: BALIKESİR | B99: SUSURLUK | C99: REŞADİYE | D99: 261.37 | E99: 158 | F99: 9 | G99: =C99&E99&F99 -> REŞADİYE1589 | H99: BİLAL AKTAŞ | I99: =($I$92/$D$92)*D99 -> 227418.6 | J99: 244000
A100: BALIKESİR | B100: SUSURLUK | C100: REŞADİYE | D100: 273.05 | E100: 158 | F100: 10 | G100: =C100&E100&F100 -> REŞADİYE15810 | H100: BİLAL AKTAŞ | I100: =($I$92/$D$92)*D100 -> 237581.4 | J100: 249500
A101: BALIKESİR | B101: SUSURLUK | C101: REŞADİYE | D101: 365.23 | E101: 158 | F101: 12 | G101: =C101&E101&F101 -> REŞADİYE15812 | H101: BİLAL AKTAŞ | I101: =($I$93+$I$94)/($D$93+$D$94)*D101 -> 171178.93 | J101: 0
A102: BALIKESİR | B102: SUSURLUK | C102: REŞADİYE | D102: 368.2 | E102: 158 | F102: 13 | G102: =C102&E102&F102 -> REŞADİYE15813 | H102: BİLAL AKTAŞ | I102: =($I$93+$I$94)/($D$93+$D$94)*D102 -> 172570.93 | J102: 0
A103: BALIKESİR | B103: SUSURLUK | C103: REŞADİYE | D103: 326.64 | E103: 158 | F103: 14 | G103: =C103&E103&F103 -> REŞADİYE15814 | H103: BİLAL AKTAŞ | I103: =($I$93+$I$94)/($D$93+$D$94)*D103 -> 153092.26 | J103: 200000
A104: BALIKESİR | B104: SUSURLUK | C104: REŞADİYE | D104: 326.78 | E104: 158 | F104: 15 | G104: =C104&E104&F104 -> REŞADİYE15815 | H104: BİLAL AKTAŞ | I104: =($I$93+$I$94)/($D$93+$D$94)*D104 -> 153157.88 | J104: 182000
A105: BALIKESİR | B105: SINDIRGI | C105: ARMUTLU | D105: 549.12 | E105: 104 | F105: 13 | G105: =C105&E105&F105 -> ARMUTLU10413 | H105: BEREKETLİ AŞ | I105: 305000
A106: BALIKESİR | B106: SUSURLUK | C106: REŞADİYE | D106: 349.22 | E106: 158 | F106: 18 | G106: =C106&E106&F106 -> REŞADİYE15818 | H106: BİLAL AKTAŞ | I106: =(I95+I96)/(D95+D96)*D106 -> 148106.64 | J106: 134000
A107: BALIKESİR | B107: SUSURLUK | C107: REŞADİYE | D107: 304.31 | E107: 158 | F107: 19 | G107: =C107&E107&F107 -> REŞADİYE15819 | H107: BİLAL AKTAŞ | I107: =(I95+I96)/(D95+D96)*D107 -> 129059.99 | J107: 116500
A108: BALIKESİR | B108: SUSURLUK | C108: REŞADİYE | D108: 304.3 | E108: 158 | F108: 20 | G108: =C108&E108&F108 -> REŞADİYE15820 | H108: BİLAL AKTAŞ | I108: =(I95+I96)/(D95+D96)*D108 -> 129055.75 | J108: 154000
A109: BALIKESİR | B109: SUSURLUK | C109: REŞADİYE | D109: 800.67 | E109: 159 | F109: 2 | G109: =C109&E109&F109 -> REŞADİYE1592 | H109: BİLAL AKTAŞ | I109: 285000 | J109: 300000
A110: BALIKESİR | B110: SUSURLUK | C110: REŞADİYE | D110: 606.77 | E110: 159 | F110: 4 | G110: =C110&E110&F110 -> REŞADİYE1594 | H110: BİLAL AKTAŞ | I110: 235000 | J110: 250000
A111: BALIKESİR | B111: SUSURLUK | C111: REŞADİYE | D111: 794.68 | E111: 159 | F111: 3 | G111: =C111&E111&F111 -> REŞADİYE1593 | H111: BİLAL AKTAŞ | I111: 280000
A112: BALIKESİR | B112: SUSURLUK | C112: REŞADİYE | D112: 387.93 | E112: 159 | F112: 7 | G112: =C112&E112&F112 -> REŞADİYE1597 | H112: BİLAL AKTAŞ | I112: =($I$111/$D$111)*D112 -> 136684.45 | J112: 140000
A113: BALIKESİR | B113: SUSURLUK | C113: REŞADİYE | D113: 406.75 | E113: 159 | F113: 6 | G113: =C113&E113&F113 -> REŞADİYE1596 | H113: BİLAL AKTAŞ | I113: =($I$111/$D$111)*D113 -> 143315.55 | J113: 163315.55
A114: BALIKESİR | B114: SUSURLUK | C114: REŞADİYE | D114: 303.38 | E114: 159 | F114: 9 | G114: =C114&E114&F114 -> REŞADİYE1599 | H114: BİLAL AKTAŞ | I114: =($I$110/$D$110)*D114 -> 117498.06
A115: BALIKESİR | B115: SUSURLUK | C115: REŞADİYE | D115: 387.93 | E115: 159 | F115: 7 | G115: =C115&E115&F115 -> REŞADİYE1597 | H115: BT META | I115: 140000 | J115: 150000
A116: BALIKESİR | B116: SUSURLUK | C116: REŞADİYE | D116: 303.39 | E116: 159 | F116: 8 | G116: =C116&E116&F116 -> REŞADİYE1598 | H116: BİLAL AKTAŞ | I116: =($I$110/$D$110)*D116 -> 117501.94 | J116: 145500
A117: BALIKESİR | B117: SUSURLUK | C117: REŞADİYE | D117: 605.32 | E117: 160 | F117: 2 | G117: =C117&E117&F117 -> REŞADİYE1602 | H117: BİLAL AKTAŞ | I117: 445000
A118: BALIKESİR | B118: SUSURLUK | C118: REŞADİYE | D118: 317.68 | E118: 160 | F118: 5 | G118: =C118&E118&F118 -> REŞADİYE1605 | H118: BİLAL AKTAŞ | I118: =($I$117/$D$117)*D118 -> 233541.93 | J118: 238550
A119: BALIKESİR | B119: SUSURLUK | C119: REŞADİYE | D119: 287.64 | E119: 160 | F119: 6 | G119: =C119&E119&F119 -> REŞADİYE1606 | H119: BİLAL AKTAŞ | I119: =($I$117/$D$117)*D119 -> 211458.07 | J119: 216450
A120: BALIKESİR | B120: SUSURLUK | C120: REŞADİYE | D120: 699.91 | E120: 161 | F120: 1 | G120: =C120&E120&F120 -> REŞADİYE1611 | H120: BİLAL AKTAŞ | I120: 405000 | J120: 406000
A121: BALIKESİR | B121: SUSURLUK | C121: REŞADİYE | D121: 896.13 | E121: 161 | F121: 2 | G121: =C121&E121&F121 -> REŞADİYE1612 | H121: BİLAL AKTAŞ | I121: 315000 | J121: 316000
A122: BALIKESİR | B122: SUSURLUK | C122: REŞADİYE | D122: 620.96 | E122: 161 | F122: 3 | G122: =C122&E122&F122 -> REŞADİYE1613 | H122: BİLAL AKTAŞ | I122: 220000 | J122: 221000
A123: BALIKESİR | B123: SUSURLUK | C123: REŞADİYE | D123: 264.96 | E123: 161 | F123: 4 | G123: =C123&E123&F123 -> REŞADİYE1614 | H123: BİLAL AKTAŞ | I123: =($J$121/$D$121)*D123 -> 93432.158 | J123: 110000
A124: BALIKESİR | B124: SUSURLUK | C124: REŞADİYE | D124: 268.82 | E124: 161 | F124: 5 | G124: =C124&E124&F124 -> REŞADİYE1615 | H124: BİLAL AKTAŞ | I124: =($J$121/$D$121)*D124 -> 94793.3
A125: BALIKESİR | B125: SUSURLUK | C125: REŞADİYE | D125: 362.35 | E125: 161 | F125: 6 | G125: =C125&E125&F125 -> REŞADİYE1616 | H125: BİLAL AKTAŞ | I125: =($J$121/$D$121)*D125 -> 127774.54
A126: BALIKESİR | B126: SUSURLUK | C126: REŞADİYE | D126: 300.72 | E126: 161 | F126: 7 | G126: =C126&E126&F126 -> REŞADİYE1617 | H126: BİLAL AKTAŞ | I126: =($J$122/$D$122)*D126 -> 107026.41
A127: BALIKESİR | B127: SUSURLUK | C127: REŞADİYE | D127: 320.24 | E127: 161 | F127: 8 | G127: =C127&E127&F127 -> REŞADİYE1618 | H127: BİLAL AKTAŞ | I127: =($J$122/$D$122)*D127 -> 113973.59
A128: BALIKESİR | B128: SUSURLUK | C128: REŞADİYE | D128: 329.13 | E128: 161 | F128: 9 | G128: =C128&E128&F128 -> REŞADİYE1619 | H128: BİLAL AKTAŞ | I128: =($J$120/$D$120)*D128 -> 190919.95
A129: BALIKESİR | B129: SUSURLUK | C129: REŞADİYE | D129: 280.78 | E129: 161 | F129: 10 | G129: =C129&E129&F129 -> REŞADİYE16110 | H129: BİLAL AKTAŞ | I129: =($J$120/$D$120)*D129 -> 162873.34
A130: BALIKESİR | B130: SUSURLUK | C130: REŞADİYE | D130: 537.68 | E130: 162 | F130: 2 | G130: =C130&E130&F130 -> REŞADİYE1622 | H130: BİLAL AKTAŞ | I130: 225000 | J130: 240000
A131: BALIKESİR | B131: SUSURLUK | C131: REŞADİYE | D131: 736.25 | E131: 162 | F131: 10 | G131: =C131&E131&F131 -> REŞADİYE16210 | H131: BİLAL AKTAŞ | I131: 270000 | J131: 271000
A132: BALIKESİR | B132: SUSURLUK | C132: REŞADİYE | D132: 740.83 | E132: 162 | F132: 11 | G132: =C132&E132&F132 -> REŞADİYE16211 | H132: BİLAL AKTAŞ | I132: 270000 | J132: 280000
A133: BALIKESİR | B133: SUSURLUK | C133: REŞADİYE | D133: 756.98 | E133: 162 | F133: 4 | G133: =C133&E133&F133 -> REŞADİYE1624 | H133: BİLAL AKTAŞ | I133: 278000 | J133: 280000
A134: BALIKESİR | B134: SUSURLUK | C134: REŞADİYE | D134: 751.82 | E134: 162 | F134: 5 | G134: =C134&E134&F134 -> REŞADİYE1625 | H134: BİLAL AKTAŞ | I134: 275000 | J134: 276000
A135: BALIKESİR | B135: SUSURLUK | C135: REŞADİYE | D135: 758.05 | E135: 162 | F135: 6 | G135: =C135&E135&F135 -> REŞADİYE1626 | H135: BİLAL AKTAŞ | I135: 421000 | J135: 422000
A136: BALIKESİR | B136: SUSURLUK | C136: REŞADİYE | D136: 761.98 | E136: 162 | F136: 7 | G136: =C136&E136&F136 -> REŞADİYE1627 | H136: BİLAL AKTAŞ | I136: 421000 | J136: 422000
A137: BALIKESİR | B137: SUSURLUK | C137: REŞADİYE | D137: 748.35 | E137: 162 | F137: 8 | G137: =C137&E137&F137 -> REŞADİYE1628 | H137: BİLAL AKTAŞ | I137: 430000 | J137: 431000
A138: BALIKESİR | B138: SUSURLUK | C138: REŞADİYE | D138: 742.47 | E138: 162 | F138: 9 | G138: =C138&E138&F138 -> REŞADİYE1629 | H138: BİLAL AKTAŞ | I138: 430000 | J138: 431000
A139: BALIKESİR | B139: SUSURLUK | C139: REŞADİYE | D139: 375.54 | E139: 162 | F139: 13 | G139: =C139&E139&F139 -> REŞADİYE16213 | H139: BİLAL AKTAŞ | I139: =($J$134/$D$134)*D139 -> 137864.17
A140: BALIKESİR | B140: SUSURLUK | C140: REŞADİYE | D140: 376.28 | E140: 162 | F140: 14 | G140: =C140&E140&F140 -> REŞADİYE16214 | H140: BİLAL AKTAŞ | I140: =($J$134/$D$134)*D140 -> 138135.83
A141: BALIKESİR | B141: SUSURLUK | C141: REŞADİYE | D141: 378.74 | E141: 162 | F141: 15 | G141: =C141&E141&F141 -> REŞADİYE16215 | H141: BİLAL AKTAŞ | I141: =($J$135/$D$135)*D141 -> 210841.34
...

Sheet Bereketli Satış
B1: STOK TÜRÜ | C1: ÖNCELİK | D1: İL | E1: İLÇE | F1: MAHALLE | G1: ALAN | H1: ADA | I1: PARSEL | J1: NİTELİK | K1: ŞİRKET | L1: DURUM | M1: DURUM 2 | N1: M2 FİYATI | O1: PEŞİN FİYAT | P1: PEŞİN İSKONTOLU FİYAT | Q1: 12 AY TAKSİTLİ M2 | R1: 12 AY TAKSİTLİ FİYAT | S1: 24 AY Taksitli M2 | T1: 24 Ay Taksitli Fiyat | U1: TAKS | V1: KAKS (EMSAL) | W1: TAŞINMAZ ID | X1: DANIŞMAN | Y1: YAYINLACAK | Z1: DOPİNG | AA1: YAYINA ALMA DURUMU | AB1: WEB | AC1: SAHİBİNDEN | AD1: HEPSİ EMLAK | AE1: MÜŞTERİ | AF1: BEYAN | AG1: EİDS YETKİ BİTİŞ | AH1: 2. Müşteri | AI1: BEYAN | AJ1: EİDS YETKİ BİTİŞ | AK1: 3. Müşteri | AL1: BEYAN | AM1: EİDS YETKİ DURUMU | AN1: ŞİRKET EİDS YETKİ BİTİŞ TARİHİ
A2: =F2&H2&I2 -> BARDAKÇI1086 | B2: DEĞİL - SATILDI | D2: MANİSA | E2: DEMİRCİ | F2: BARDAKÇI | G2: 344.75 | H2: 108 | I2: 6 | J2: ARSA | K2: BİLAL AKTAŞ | L2: SATIŞ KAPANDI | M2: SATIŞ KAPANDI | N2: 2250 | O2: =ROUND(N2*G2,-4) -> 780000 | P2: =O2*0.9 -> 702000 | Q2: - | R2: - | S2: - | T2: - | U2: 0.25 | V2: 0.5 | AB2: İLAN | AC2: 1232319721 | AD2: 136598-1554 | AE2: KORAY KIVAM | AH2: MEHMET AKKAŞ | AK2: OLCAY KUBİLAY
A3: =F3&H3&I3 -> İNKÖY48681 | B3: STOK - HAZIR | D3: KÜTAHYA | E3: MERKEZ | F3: İNKÖY | G3: 3240 | H3: 4868 | I3: 1 | J3: ARSA | K3: BEREKETLİ AŞ | L3: İLAN BEKLİYOR | M3: STOKTA | N3: 18000 | O3: =ROUND(N3*G3,-4) -> 58320000 | P3: =O3*0.9 -> 52488000
A4: =F4&H4&I4 -> BAKACAK1215 | B4: DEĞİL - SATILDI | D4: BALIKESİR | E4: KARESİ | F4: BAKACAK | G4: 499.86 | H4: 121 | I4: 5 | J4: ARSA | K4: BİLAL AKTAŞ | L4: SATIŞ KAPANDI | M4: SATIŞ KAPANDI | W4: 109806451 | AE4: GÖKHAN AYDIN
A5: =F5&H5&I5 -> BALIKLIDERE14934 | B5: DEĞİL - SATILDI | D5: BALIKESİR | E5: SUSURLUK | F5: BALIKLIDERE | G5: 638 | H5: 149 | I5: 34 | J5: ARSA | K5: BEREKETLİ AŞ | L5: SATIŞ KAPANDI | M5: SATIŞ KAPANDI | N5: 4000 | O5: =ROUND(N5*G5,-4) -> 2550000 | P5: =O5*0.9 -> 2295000 | U5: 0.4 | V5: 0.8 | AC5: 1246780393 | AE5: Hüseyin Avni Çelebi
A6: =F6&H6&I6 -> DEMİRKAPI1121 | B6: DEĞİL - SATILDI | D6: BALIKESİR | E6: SUSURLUK | F6: DEMİRKAPI | G6: 754.23 | H6: 112 | I6: 1 | J6: ARSA | K6: DORTAGE AŞ | L6: SATIŞ KAPANDI | M6: SATIŞ KAPANDI | AE6: İSMAİL ALP
A7: =F7&H7&I7 -> ARMUTLU1021 | B7: STOK - İPOTEK | C7: ÖNCELİKLİ | D7: BALIKESİR | E7: SINDIRGI | F7: ARMUTLU | G7: 793.35 | H7: 102 | I7: 1 | J7: ARSA | K7: BEREKETLİ AŞ | L7: İLANDA | M7: STOKTA/İPOTEKLİ | N7: 2250 | O7: =ROUND(N7*G7,-4) -> 1790000 | P7: =O7*0.9 -> 1611000 | Q7: =N7*1.1 -> 2475 | R7: =ROUND(Q7*G7,-4) -> 1960000 | S7: =Q7*1.1 -> 2722.5 | T7: =ROUND(S7*G7,-4) -> 2160000 | U7: 0.25 | V7: 0.5 | W7: 64213520 | AB7: İlan | AD7: 136598-1086 | AN7: 31/12/2035
A8: =F8&H8&I8 -> ILICABOĞAZI10328 | B8: DEĞİL - SATILDI | D8: BALIKESİR | E8: SUSURLUK | F8: ILICABOĞAZI | G8: 511.2 | H8: 103 | I8: 28 | J8: ARSA | K8: BEREKETLİ AŞ | L8: SATILDI | M8: SATIŞ KAPANDI | N8: 4000 | O8: =ROUND(N8*G8,-4) -> 2040000 | P8: =O8*0.9 -> 1836000 | U8: 0.4 | V8: 0.8 | W8: 134707943 | AB8: LİNK | AE8: TANER SEZER | AN8: 31/12/2035
A9: =F9&H9&I9 -> ALHAN1043 | B9: DEĞİL - SATILDI | D9: AYDIN | E9: YENİPAZAR | F9: ALHAN | G9: 407.09 | H9: 104 | I9: 3 | J9: ARSA | K9: BEREKETLİ AŞ | L9: SATIŞ KAPANDI | M9: SATILDI/2. SATIŞTA | N9: 3000 | O9: =ROUND(N9*G9,-4) -> 1220000 | P9: =O9*0.9 -> 1098000 | Q9: ? | U9: 0.2 | V9: 0.4 | W9: 126358686 | X9: HAKAN YANT | AB9: WEB | AC9: 1254034358 | AE9: ŞEYMA BEKAR | AN9: 31/12/2035
A10: =F10&H10&I10 -> GÜNEYCE91120 | B10: DEĞİL - SATILDI | D10: ANKARA | E10: GÜDÜL | F10: GÜNEYCE | G10: 400 | H10: 911 | I10: 20 | J10: ARSA | K10: BİLAL AKTAŞ | L10: SATILDI | M10: SATIŞ KAPANDI | N10: 2000 | O10: =ROUND(N10*G10,-4) -> 800000 | P10: =O10*0.9 -> 720000 | U10: 0.11 | V10: 0.35 | X10: HAKAN YANT | Z10: OK | AC10: 1250555803 | AD10: 36598-1778 | AE10: MEHMET EMİN AKTAŞ | AH10: BANU GÜLCE
A11: =F11&H11&I11 -> KAYAELİ173282 | B11: STOK - KONS - ŞAHIS | D11: BALIKESİR | E11: KEPSUT | F11: KAYAELİ | G11: 4454.48 | H11: 173 | I11: 282 | J11: TARLA | K11: BİLAL AKTAŞ | L11: İLAN BEKLİYOR | M11: SATILDI/2. SATIŞTA | N11: 112 | O11: =ROUND(N11*G11,-4) -> 500000 | P11: =O11*0.9 -> 450000 | U11: 0 | V11: 0 | W11: 109371272 | AB11: İLAN | AC11: 1220475793/ | AD11: 136598-1564 | AE11: NİSA SAKAR | AG11: 31.12.2027
A12: =F12&H12&I12 -> CAMİKEBİR31624 | B12: STOK - İPOTEK | C12: ÖNCELİKLİ | D12: AYDIN | E12: GERMENCİK | F12: CAMİKEBİR | G12: 271.36 | H12: 316 | I12: 24 | J12: ARSA | K12: BEREKETLİ AŞ | L12: SATIŞ KAPANDI | M12: STOKTA/İPOTEKLİ | N12: 4500 | O12: =ROUND(N12*G12,-4) -> 1220000 | P12: =O12*0.9 -> 1098000 | Q12: - | R12: - | S12: - | T12: - | U12: 0.4 | V12: 0.8 | W12: 68327765 | AD12: 136598-1439 | AE12: İPOTEKLİ | AN12: 31/12/2035
A13: =F13&H13&I13 -> AŞAĞIMUSALAR1704 | B13: DEĞİL - SATILDI | D13: BALIKESİR | E13: DURSUNBEY | F13: AŞAĞIMUSALAR | G13: 301.66 | H13: 170 | I13: 4 | J13: ARSA | K13: BİLAL AKTAŞ | L13: İLANDA | M13: SATIŞ KAPANDI | N13: 2250 | O13: =ROUND(N13*G13,-4) -> 680000 | P13: =O13*0.9 -> 612000 | U13: 0.4 | V13: 0.8 | W13: 133925473 | X13: HASAN UYSAL | Y13: OK | Z13: OK | AB13: İLAN YOK GİRİLECEK | AC13: 1232329009 | AD13: 136598-1511 | AE13: MERT OSKAN | AG13: 31.12.2027
A14: =F14&H14&I14 -> ÇELİKLER11669 | B14: STOK - KONS - ŞAHIS | C14: ÖNCELİKLİ | D14: BALIKESİR | E14: DURSUNBEY | F14: ÇELİKLER | G14: 870.75 | H14: 116 | I14: 69 | J14: ARSA | K14: BİLAL AKTAŞ | L14: İLANDA | M14: SATILDI/2. SATIŞTA | N14: 1280 | O14: =ROUND(N14*G14,-4) -> 1110000 | P14: =O14*0.9 -> 999000 | Q14: - | R14: - | S14: - | T14: - | U14: 0.4 | V14: 0.8 | W14: 116740568 | X14: HASAN UYSAL | Y14: OK | Z14: OK | AB14: 241 | AC14: 1226877731 | AD14: 136598-1609 | AE14: EMRE-FİLİZ TEK | AG14: 46387
A15: =F15&H15&I15 -> DELİCE25121 | B15: STOK - KONS - ŞAHIS | D15: BALIKESİR | E15: DURSUNBEY | F15: DELİCE | G15: 302.61 | H15: 251 | I15: 21 | J15: ARSA | K15: BEREKETLİ AŞ | L15: İLANDA | M15: SATILDI/2. SATIŞTA | N15: 2500 | O15: =ROUND(N15*G15,-4) -> 760000 | P15: =O15*0.9 -> 684000 | Q15: - | R15: - | S15: - | T15: - | U15: 0.4 | V15: 0.8 | X15: HAKAN YANT | Z15: OK | AB15: İLAN YOK GİRİLECEK | AC15: 250536976 | AD15: 136598-1651 | AE15: SEZEN KAYNAR ALPAN
A16: =F16&H16&I16 -> ATBURGAZI1103 | B16: STOK - HAZIR | D16: AYDIN | E16: SÖKE | F16: ATBURGAZI | G16: 300.07 | H16: 110 | I16: 3 | J16: ARSA | K16: DORTAGE AŞ | L16: REZERVE | M16: REZERVE | N16: 6000 | O16: =ROUND(N16*G16,-4) -> 1800000 | P16: =O16*0.9 -> 1620000 | Q16: =N16*1.1 -> 6600 | R16: =ROUND(Q16*G16,-4) -> 1980000 | U16: 0.4 | V16: 0.8 | X16: HAKAN YANT | AC16: 1289507920 | AD16: 45778404
A17: =F17&H17&I17 -> İSLAMLAR1012 | B17: STOK - İPOTEK | D17: İZMİR | E17: DİKİLİ | F17: İSLAMLAR | G17: 438.12 | H17: 101 | I17: 2 | J17: ARSA | K17: BEREKETLİ AŞ | L17: İLANDA | M17: STOKTA/İPOTEKLİ | N17: 16000 | O17: =ROUND(N17*G17,-4) -> 7010000 | P17: =O17*0.9 -> 6309000 | S17: - | T17: - | U17: 0.2 | V17: 0.4 | W17: 27288744 | X17: BİLAL AKTAŞ | AB17: LİNK | AC17: 1220786730 | AD17: 136598-1580 | AN17: 31/12/2035
A18: =F18&H18&I18 -> MİLİNGE0969 | B18: STOK - KONS - ŞAHIS | C18: ÖNCELİKLİ | D18: MANİSA | E18: AKHİSAR | F18: MİLİNGE | G18: 578 | H18: 0 | I18: 969 | J18: ARSA | K18: BİLAL AKTAŞ | L18: İLAN BEKLİYOR | M18: SATILDI/2. SATIŞTA | N18: 2500 | O18: =ROUND(N18*G18,-4) -> 1450000 | P18: =O18*0.9 -> 1305000 | Q18: - | R18: - | U18: 0.4 | V18: 0.5 | X18: SEMİH AYGÜN | Z18: OK | AD18: 136598-1541 | AE18: MESUT ÇINAR
A19: =F19&H19&I19 -> ERDEL2669 | B19: STOK - KONS - ŞAHIS | D19: BALIKESİR | E19: İVRİNDİ | F19: ERDEL | G19: 461.58 | H19: 266 | I19: 9 | J19: ARSA | K19: BİLAL AKTAŞ | L19: İLAN BEKLİYOR | M19: SATILDI/2. SATIŞTA | N19: 2000 | O19: =ROUND(N19*G19,-4) -> 920000 | P19: =O19*0.9 -> 828000 | Q19: - | R19: - | S19: - | T19: - | U19: 0.4 | V19: 0.8 | W19: 127961575 | AB19: İLAN | AC19: 1232427636 | AD19: 136598-1555 | AE19: MESUT MURATOĞLU | AG19: 46022
A20: =F20&H20&I20 -> AKPINAR61431 | B20: STOK - EMANET | D20: BURSA | E20: OSMANGAZİ | F20: AKPINAR | G20: 117 | H20: 6143 | I20: 1 | J20: EV | K20: BEREKETLİ AŞ | L20: İLAN BEKLİYOR | M20: STOKTA | AE20: MEHMET AKKAŞ'ın evi
A21: =F21&H21&I21 -> ÇALI597114 | B21: STOK - İPOTEK | D21: BURSA | E21: NİLÜFER | F21: ÇALI | G21: 100 | H21: 5971 | I21: 14 | J21: EV | K21: BEREKETLİ AŞ | L21: İLAN BEKLİYOR | M21: STOKTA/İPOTEKLİ
A22: =F22&H22&I22 -> BÜYÜKPINAR1401 | B22: STOK - KONS - ŞAHIS | D22: BALIKESİR | E22: KARESİ | F22: BÜYÜKPINAR | G22: 489.34 | H22: 140 | I22: 1 | J22: ARSA | K22: BEREKETLİ AŞ | L22: İLAN BEKLİYOR | M22: SATILDI/2. SATIŞTA | N22: 2500 | O22: =ROUND(N22*G22,-4) -> 1220000 | P22: =O22*0.9 -> 1098000 | Q22: - | R22: - | S22: - | T22: - | U22: 0.2 | V22: 0.4 | X22: HASAN UYSAL | AB22: İLAN | AC22: 1237631783 | AD22: 136598-1653 | AE22: DOĞAN KINIK | AG22: 46752
A23: =F23&H23&I23 -> İBİLLER12237 | B23: STOK - HAZIR | C23: ÖNCELİKLİ | D23: BALIKESİR | E23: SINDIRGI | F23: İBİLLER | G23: 390.18 | H23: 122 | I23: 37 | J23: ARSA | K23: BİLAL AKTAŞ | L23: İLANDA | M23: STOKTA | N23: 2500 | O23: =ROUND(N23*G23,-4) -> 980000 | P23: =O23*0.9 -> 882000 | Q23: =N23*1.1 -> 2750 | R23: =ROUND(Q23*G23,-4) -> 1070000 | S23: =Q23*1.1 -> 3025 | T23: =ROUND(S23*G23,-4) -> 1180000 | U23: 0.25 | V23: 0.5 | W23: 134190116 | AC23: 1237644891 | AD23: 136598-1661 | AN23: 31/12/2035
A24: =F24&H24&I24 -> ÇEŞMEALTI5884 | B24: DEĞİL - SATILDI | D24: ÇANAKKALE | E24: BİGA | F24: ÇEŞMEALTI | G24: 490.73 | H24: 588 | I24: 4 | J24: ARSA | K24: BİLAL AKTAŞ | L24: SATIŞ KAPANDI | M24: SATIŞ KAPANDI | Q24: - | R24: - | S24: - | T24: - | AB24: İLAN GİRİLMESİN | AC24: İLAN GİRİLMESİN | AE24: ÖZGE AYTEN GÜDEN | AH24: MURAT DEMİR'İN MÜŞTERİSİ seyfettin karcı
A25: =F25&H25&I25 -> DAĞYENİCE13011 | B25: STOK - KONS - ŞAHIS | D25: BURSA | E25: NİLÜFER | F25: DAĞYENİCE | G25: 6351 | H25: 130 | I25: 11 | J25: TARLA | K25: BİLAL AKTAŞ | L25: İLANDA | M25: MÜŞTERİ YERİ | N25: 7873 | O25: =ROUND(N25*G25,-4) -> 50000000 | P25: =O25*0.9 -> 45000000 | X25: BİLAL AKTAŞ | AC25: LİNK | AD25: LİNK
A26: =F26&H26&I26 -> GEDELEK765368 | B26: STOK - İPOTEK | D26: BURSA | E26: ORHANGAZİ | F26: GEDELEK | G26: 3204.35 | H26: 765 | I26: 368 | J26: TARLA | K26: BİLAL AKTAŞ | L26: SATIŞ KAPANDI | M26: STOKTA/İPOTEKLİ | N26: 5000 | O26: =ROUND(N26*G26,-4) -> 16020000 | P26: =O26*0.9 -> 14418000 | Q26: - | R26: - | S26: - | T26: - | U26: 0 | V26: 0 | W26: 89908765 | X26: BİLAL AKTAŞ | AC26: 1232388851 | AE26: BİLAL AKTAŞ | AN26: 31/12/2035
A27: =F27&H27&I27 -> DERECİKÖREN2055 | B27: DEĞİL - SATILDI | D27: BALIKESİR | E27: SINDIRGI | F27: DERECİKÖREN | G27: 343.53 | H27: 205 | I27: 5 | J27: ARSA | K27: BİLAL AKTAŞ | L27: SATIŞ KAPANDI | M27: SATIŞ KAPANDI | AB27: İLAN | AD27: 136598-999 | AE27: FATMA FAİKOĞLU
A28: =F28&H28&I28 -> HASANAĞA1834 | B28: STOK - İPOTEK | D28: BURSA | E28: NİLÜFER | F28: HASANAĞA | G28: 114 | H28: 183 | I28: 4 | J28: EV | K28: BEREKETLİ AŞ | L28: İLAN BEKLİYOR | M28: STOKTA/İPOTEKLİ
A29: =F29&H29&I29 -> İSTİKLAL22915 | B29: DEĞİL - SATILDI | D29: ÇANAKKALE | E29: ÇAN | F29: İSTİKLAL | G29: 276.64 | H29: 229 | I29: 15 | J29: ARSA | K29: BİLAL AKTAŞ | L29: SATILDI | M29: SATIŞ KAPANDI | U29: 0.4 | V29: 0.8 | AE29: EMRAH ÇAKIR
A30: =F30&H30&I30 -> KARAKÖY1071 | B30: STOK - İPOTEK | D30: BURSA | E30: YENİŞEHİR | F30: KARAKÖY | G30: 759.96 | H30: 107 | I30: 1 | J30: ARSA | K30: BEREKETLİ AŞ | L30: REZERVE | M30: STOKTA/İPOTEKLİ | N30: 8000 | O30: =ROUND(N30*G30,-4) -> 6080000 | P30: =O30*0.9 -> 5472000 | U30: 0.15 | V30: 0.3 | W30: 73164103 | AN30: 31/12/2035
A31: =F31&H31&I31 -> KAHVETEPE0816 | B31: STOK - KONS - ŞAHIS | D31: ÇANAKKALE | E31: BİGA | F31: KAHVETEPE | G31: 552 | H31: 0 | I31: 816 | J31: ARSA | K31: BEREKETLİ AŞ | L31: İLANDA | M31: SATILDI/2. SATIŞTA | N31: 3500 | O31: =ROUND(N31*G31,-4) -> 1930000 | P31: =O31*0.9 -> 1737000 | U31: 0.4 | V31: 0.8 | W31: 77313989 | X31: HAKAN YANT | AB31: WEB | AC31: 1251837434 | AE31: MEHMET FAHRİ İŞİNİBİLİR
A32: =F32&H32&I32 -> KATIRALANI1499 | B32: DEĞİL - SATILDI | D32: İZMİR | E32: DİKİLİ | F32: KATIRALANI | G32: 429.23 | H32: 149 | I32: 9 | J32: ARSA | K32: BİLAL AKTAŞ | L32: SATIŞ KAPANDI | M32: SATIŞ KAPANDI | N32: 11000 | O32: =ROUND(N32*G32,-4) -> 4720000 | P32: =O32*0.9 -> 4248000 | Q32: - | R32: - | S32: - | T32: - | U32: 0.25 | V32: 0.5 | W32: 27292578 | AC32: 1232393664 | AD32: 136598-1520 | AE32: İREM UÇAN | AH32: SEZGİN GÜLSÜN
A33: =F33&H33&I33 -> KEPEKLER0526 | B33: STOK - İPOTEK | D33: BALIKESİR | E33: SUSURLUK | F33: KEPEKLER | G33: 5050.64 | H33: 0 | I33: 526 | J33: ARSA | K33: BEREKETLİ AŞ | L33: İLAN BEKLİYOR | M33: STOKTA/İPOTEKLİ | N33: 2500 | O33: =ROUND(N33*G33,-4) -> 12630000 | P33: =O33*0.9 -> 11367000
A34: =F34&H34&I34 -> MURADİYE02615 | B34: DEĞİL - SATILDI | D34: BALIKESİR | E34: SUSURLUK | F34: MURADİYE | G34: 599 | H34: 0 | I34: 2615 | J34: ARSA | K34: BEREKETLİ AŞ | L34: SATIŞ KAPANDI | M34: SATIŞ KAPANDI | U34: 0.4 | V34: 0.8 | W34: 52394550 | AC34: 1248042055 | AD34: 136598-1758 | AE34: MELEK UZAMIŞ | AF34: VAR
A35: =F35&H35&I35 -> BEĞEL1043 | B35: DEĞİL - SATILDI | D35: MANİSA | E35: GÖRDES | F35: BEĞEL | G35: 374.32 | H35: 104 | I35: 3 | J35: ARSA | K35: BİLAL AKTAŞ | L35: SATILDI | M35: SATIŞ KAPANDI | N35: 2250 | O35: =ROUND(N35*G35,-4) -> 840000 | P35: =O35*0.9 -> 756000 | Q35: - | R35: - | S35: - | T35: - | AE35: UYGUR YENİ | AH35: TANER VARSAK | AK35: ELİF AKDOĞAN
A36: =F36&H36&I36 -> KAYAPA640419 | B36: STOK - İPOTEK | D36: BURSA | E36: NİLÜFER | F36: KAYAPA | G36: 650 | H36: 6404 | I36: 19 | J36: ARSA | K36: BİLAL AKTAŞ | L36: REZERVE | M36: STOKTA/İPOTEKLİ | N36: 20000 | O36: =ROUND(N36*G36,-4) -> 13000000 | P36: =O36*0.9 -> 11700000 | Q36: - | R36: - | W36: 95922296 | AN36: 31/12/2035
A37: =F37&H37&I37 -> KEMALİYE1023 | B37: STOK - KONS - ŞAHIS | C37: ÖNCELİKLİ | D37: MANİSA | E37: ALAŞEHİR | F37: KEMALİYE | G37: 425 | H37: 102 | I37: 3 | J37: ARSA | K37: BİLAL AKTAŞ | L37: İLAN BEKLİYOR | M37: SATILDI/2. SATIŞTA | N37: 3000 | O37: =ROUND(N37*G37,-4) -> 1280000 | P37: =O37*0.9 -> 1152000 | Q37: - | R37: - | S37: - | T37: - | U37: 0.3 | V37: 0.6 | AB37: İLAN | AC37: 1237613693 | AD37: 136598-1538 | AE37: NADİR HIDIR | AG37: 46752
A38: =F38&H38&I38 -> OKÇUGÖL1014 | B38: STOK - YATIRIMCI | C38: ÖNCELİKLİ | D38: BALIKESİR | E38: SUSURLUK | F38: OKÇUGÖL | G38: 465 | H38: 101 | I38: 4 | J38: ARSA | K38: DORTAGE AŞ | L38: İLAN BEKLİYOR | M38: SATILDI/2. SATIŞTA | N38: 4500 | O38: =ROUND(N38*G38,-4) -> 2090000 | P38: =O38*0.9 -> 1881000 | Q38: 4950 | R38: =ROUND(Q38*G38,-4) -> 2300000 | S38: 5445 | T38: =ROUND(S38*G38,-4) -> 2530000 | AE38: TANER SEZER
A39: =F39&H39&I39 -> SELİMAĞA1021 | B39: DEĞİL - SATILDI | D39: BALIKESİR | E39: DURSUNBEY | F39: SELİMAĞA | G39: 758.42 | H39: 102 | I39: 1 | J39: ARSA | K39: BİLAL AKTAŞ | L39: SATIŞ KAPANDI | M39: SATIŞ KAPANDI | AE39: ŞAHMETTİN
A40: =F40&H40&I40 -> REŞADİYE1572 | B40: STOK - KONS - ŞAHIS | C40: ÖNCELİKLİ | D40: BALIKESİR | E40: SUSURLUK | F40: REŞADİYE | G40: 412 | H40: 157 | I40: 2 | J40: ARSA | K40: BEREKETLİ AŞ | L40: İLAN BEKLİYOR | M40: SATILDI/2. SATIŞTA | N40: 2500 | O40: =ROUND(N40*G40,-4) -> 1030000 | P40: =O40*0.9 -> 927000 | Q40: - | R40: - | S40: - | T40: - | U40: 0.3 | V40: 0.5 | AB40: ilan | AE40: MUSTAFA MURAT COŞGUR
A41: =F41&H41&I41 -> GÖZLÜÇAYIR16558 | B41: STOK - KONS - ŞAHIS | D41: BALIKESİR | E41: İVRİNDİ | F41: GÖZLÜÇAYIR | G41: 542.59 | H41: 165 | I41: 58 | J41: ARSA | K41: BİLAL AKTAŞ | L41: İLANDA | M41: SATILDI/2. SATIŞTA | N41: 2500 | O41: =ROUND(N41*G41,-4) -> 1360000 | P41: =O41*0.9 -> 1224000 | Q41: - | R41: - | S41: - | T41: - | U41: 0.4 | V41: 0.8 | X41: HASAN UYSAL | Y41: OK | AB41: İLAN | AC41: 1232384869 | AD41: 136598-1527 | AE41: EZGİ KARADERE
A42: =F42&H42&I42 -> MİNNETLER103557 | B42: STOK - YATIRIMCI | D42: MANİSA | E42: DEMİRCİ | F42: MİNNETLER | G42: 1372.87 | H42: 103 | I42: 557 | J42: TARLA | K42: BİLAL AKTAŞ | L42: İLAN BEKLİYOR | M42: KONSİNYE | N42: 187 | O42: =ROUND(N42*G42,-4) -> 260000 | P42: =O42*0.9 -> 234000 | Q42: =N42*1.1 -> 205.7 | R42: =ROUND(Q42*G42,-4) -> 280000 | S42: =Q42*1.1 -> 226.27 | T42: =ROUND(S42*G42,-4) -> 310000 | U42: 0 | V42: 0 | W42: 64202612 | AE42: YUSUF ORHAN | AN42: 31/12/2035
A43: =F43&H43&I43 -> SEYİTLER1692 | B43: STOK - YATIRIMCI | C43: ÖNCELİKLİ | D43: KÜTAHYA | E43: MERKEZ | F43: SEYİTLER | G43: 455.29 | H43: 169 | I43: 2 | J43: ARSA | K43: DORTAGE AŞ | L43: REZERVE | M43: REZERVE | N43: 1650 | O43: =ROUND(N43*G43,-4) -> 750000 | P43: =ROUND(O43*0.9,-4) -> 680000 | Q43: =N43*1.1 -> 1815 | R43: =ROUND(P43*1.1,-4) -> 750000 | S43: =Q43*1.1 -> 1996.5 | T43: =ROUND(R43*1.1,-3) -> 825000 | U43: 0.4 | V43: 0.8 | Y43: İLAN GİRME | AE43: TANER SEZER | AN43: 31/12/2035
A44: =F44&H44&I44 -> DAVUTLAR11321 | B44: DEĞİL - SATILDI | D44: BALIKESİR | E44: KARESİ | F44: DAVUTLAR | G44: 585.04 | H44: 113 | I44: 21 | J44: ARSA | K44: BİLAL AKTAŞ | L44: İLAN BEKLİYOR | M44: SATIŞ KAPANDI | N44: 3415 | O44: =ROUND(N44*G44,-4) -> 2000000 | P44: =O44*0.9 -> 1800000 | Q44: - | R44: - | S44: - | T44: - | U44: 0.2 | V44: 0.4 | W44: 68327476 | AB44: İLAN | AD44: 136598-1685 | AE44: YAVUZ ERDİM
A45: =F45&H45&I45 -> KARŞIYAKA44611 | B45: STOK - İPOTEK | D45: ANTALYA | E45: FİNİKE | F45: KARŞIYAKA | G45: 358 | H45: 446 | I45: 11 | J45: ARSA | K45: BİLAL AKTAŞ | L45: REZERVE | M45: STOKTA/İPOTEKLİ | N45: 30000 | O45: =ROUND(N45*G45,-4) -> 10740000 | P45: =O45*0.9 -> 9666000 | Q45: - | R45: - | S45: - | T45: - | U45: 0.4 | V45: 1.2 | W45: 119724641 | AB45: İLAN | AD45: 136598-907 | AN45: 31/12/2035
A46: =F46&H46&I46 -> Camikebir2472 | B46: DEĞİL - SATILDI | D46: ESKİŞEHİR | E46: MİHALIÇÇIK | F46: Camikebir | G46: 253 | H46: 247 | I46: 2 | J46: ARSA | K46: BEREKETLİ AŞ | L46: SATIŞ KAPANDI | M46: SATIŞ KAPANDI | U46: 0.4 | V46: 0.8 | W46: 61896843 | AD46: 136598-1351 | AE46: YEŞİL VADİ ARSA OFİSİ
A47: =F47&H47&I47 -> İBİRLER1042 | B47: DEĞİL - SATILDI | D47: BALIKESİR | E47: KARESİ | F47: İBİRLER | G47: 1019.82 | H47: 104 | I47: 2 | J47: ARSA | K47: BEREKETLİ AŞ | L47: SATIŞ KAPANDI | M47: SATIŞ KAPANDI | N47: 4000 | O47: =ROUND(N47*G47,-4) -> 4080000 | P47: =O47*0.9 -> 3672000 | U47: 0.25 | V47: 0.5 | AE47: BARIŞ ALKAL
A48: =F48&H48&I48 -> KİLLİK10516 | B48: STOK - KONS - ŞAHIS | D48: MANİSA | E48: ALAŞEHİR | F48: KİLLİK | G48: 679 | H48: 105 | I48: 16 | J48: ARSA | K48: BİLAL AKTAŞ | L48: İLAN BEKLİYOR | M48: SATILDI/2. SATIŞTA | N48: 3000 | O48: =ROUND(N48*G48,-4) -> 2040000 | P48: =O48*0.9 -> 1836000 | Q48: - | R48: - | S48: - | T48: - | U48: 0.25 | V48: 0.5 | W48: 31170046 | AB48: İLAN | AE48: MESUT YARCAN | AG48: 31.12.2027
A49: =F49&H49&I49 -> TEPECİK1063 | B49: STOK - KONS - ŞAHIS | C49: ÖNCELİKLİ | D49: MANİSA | E49: ŞEHZADELER | F49: TEPECİK | G49: 600.22 | H49: 106 | I49: 3 | J49: ARSA | K49: BİLAL AKTAŞ | L49: İLAN BEKLİYOR | M49: SATILDI/2. SATIŞTA | N49: 8000 | O49: =ROUND(N49*G49,-4) -> 4800000 | P49: =O49*0.9 -> 4320000 | Q49: - | R49: - | AB49: İLAN | AD49: 136598-1003 | AE49: TANER SEZER
A50: =F50&H50&I50 -> KALAYCILAR1059 | B50: DEĞİL - SATILDI | D50: BALIKESİR | E50: KARESİ | F50: KALAYCILAR | G50: 800.05 | H50: 105 | I50: 9 | J50: ARSA | K50: BEREKETLİ AŞ | L50: SATIŞ KAPANDI | M50: SATIŞ KAPANDI | N50: 6500 | O50: =ROUND(N50*G50,-4) -> 5200000 | P50: =O50*0.9 -> 4680000 | AB50: İLAN | AE50: BENSU KİRİŞÇİOĞLU
A51: =F51&H51&I51 -> KULALAR1282 | B51: STOK - YATIRIMCI | D51: MANİSA | E51: DEMİRCİ | F51: KULALAR | G51: 1528.07 | H51: 128 | I51: 2 | J51: TARLA | K51: BİLAL AKTAŞ | L51: İLAN BEKLİYOR | M51: KONSİNYE | N51: 340 | O51: =ROUND(N51*G51,-4) -> 520000 | P51: =O51*0.9 -> 468000 | Q51: =N51*1.1 -> 374 | R51: =ROUND(Q51*G51,-4) -> 570000 | S51: =Q51*1.1 -> 411.4 | T51: =ROUND(S51*G51,-4) -> 630000 | W51: 64148395 | AB51: İLAN | AD51: 136598-968 | AE51: YUSUF ORHAN | AN51: 31/12/2035
A52: =F52&H52&I52 -> HÜDÜK1696 | B52: STOK - YATIRIMCI | D52: MANİSA | E52: DEMİRCİ | F52: HÜDÜK | G52: 1276.43 | H52: 169 | I52: 6 | J52: TARLA | K52: BİLAL AKTAŞ | L52: İLAN BEKLİYOR | M52: KONSİNYE | N52: 200 | O52: =ROUND(N52*G52,-4) -> 260000 | P52: =O52*0.9 -> 234000 | Q52: =N52*1.1 -> 220 | R52: =ROUND(Q52*G52,-4) -> 280000 | S52: =Q52*1.1 -> 242 | T52: =ROUND(S52*G52,-4) -> 310000 | W52: 64033122 | AB52: İLAN | AE52: YUSUF ORHAN | AN52: 31/12/2035
A53: =F53&H53&I53 -> KIRMIZILAR18013 | B53: DEĞİL - SATILDI | D53: BALIKESİR | E53: KARESİ | F53: KIRMIZILAR | G53: 433.54 | H53: 180 | I53: 13 | J53: ARSA | K53: BİLAL AKTAŞ | L53: SATIŞ KAPANDI | M53: SATIŞ KAPANDI | N53: 3000 | O53: =ROUND(N53*G53,-4) -> 1300000 | P53: =O53*0.9 -> 1170000 | Q53: - | R53: - | U53: 0.2 | V53: 0.4 | X53: HASAN UYSAL | Y53: OK | AB53: İLAN | AC53: 1232382044 | AD53: 136598-1583 | AE53: MEHMET AKKAŞ | AH53: Bilal Aktaş | AK53: AYTAN ALPATUĞ
A54: =F54&H54&I54 -> KÜÇÜKKATRANCI193485 | B54: DEĞİL - SATILDI | D54: BALIKESİR | E54: KEPSUT | F54: KÜÇÜKKATRANCI | G54: 5272.68 | H54: 193 | I54: 485 | J54: TARLA | K54: BİLAL AKTAŞ | L54: SATIŞ KAPANDI | M54: SATIŞ KAPANDI | U54: 0 | V54: 0 | AE54: KADİR TAŞDEMİR
A55: =F55&H55&I55 -> KÜRSE1561 | B55: DEĞİL - SATILDI | D55: BALIKESİR | E55: ALTIEYLÜL | F55: KÜRSE | G55: 804.23 | H55: 156 | I55: 1 | J55: ARSA | K55: BİLAL AKTAŞ | L55: SATIŞ KAPANDI | M55: SATIŞ KAPANDI | AE55: ALTAN BAYAR
A56: =F56&H56&I56 -> KUVAYİ MİLLİYE1247751 | B56: STOK - KONS - ŞAHIS | C56: ÖNCELİKLİ | D56: BALIKESİR | E56: KARESİ | F56: KUVAYİ MİLLİYE | G56: 241.93 | H56: 12477 | I56: 51 | J56: ARSA | K56: BİLAL AKTAŞ | L56: İLAN BEKLİYOR | M56: SATILDI/2. SATIŞTA | N56: 15000 | O56: =ROUND(N56*G56,-4) -> 3630000 | P56: =O56*0.9 -> 3267000 | U56: 0.25 | V56: 0.5 | W56: 64214961 | AB56: İLAN | AC56: 1232386736 | AE56: RAUF ÖZTÜRK
A57: =F57&H57&I57 -> YUKARIMUSALAR11016 | B57: DEĞİL - SATILDI | D57: BALIKESİR | E57: DURSUNBEY | F57: YUKARIMUSALAR | G57: 368 | H57: 110 | I57: 16 | J57: ARSA | K57: BEREKETLİ AŞ | L57: SATIŞ KAPANDI | M57: SATIŞ KAPANDI | N57: 2000 | O57: =ROUND(N57*G57,-4) -> 740000 | P57: =O57*0.9 -> 666000 | U57: 0.4 | V57: 0.8 | X57: SEMİH AYGÜN | Z57: OK | AC57: 1248750111 | AD57: 136598-1761 | AE57: TUNCAY EMUCE
A58: =F58&H58&I58 -> SELİMİYE1282 | B58: DEĞİL - SATILDI | D58: BALIKESİR | E58: ALTIEYLÜL | F58: SELİMİYE | G58: 561.91 | H58: 128 | I58: 2 | J58: ARSA | K58: BİLAL AKTAŞ | L58: SATIŞ KAPANDI | M58: SATIŞ KAPANDI | AE58: KIBAR RAKHMANOV
A59: =F59&H59&I59 -> BOYACIK21520 | B59: STOK - YATIRIMCI | D59: MANİSA | E59: DEMİRCİ | F59: BOYACIK | G59: 1140.36 | H59: 215 | I59: 20 | J59: BAHÇE | K59: BİLAL AKTAŞ | L59: İLAN BEKLİYOR | M59: KONSİNYE | N59: 280 | O59: =ROUND(N59*G59,-4) -> 320000 | P59: =O59*0.9 -> 288000 | Q59: - | R59: - | S59: - | T59: - | U59: 0 | V59: 0 | W59: 63870362 | AB59: İLAN | AE59: YUSUF ORHAN | AN59: 31/12/2035
A60: =F60&H60&I60 -> KOCAKAĞAN2341 | B60: DEĞİL - SATILDI | D60: MANİSA | E60: AKHİSAR | F60: KOCAKAĞAN | G60: 418 | H60: 234 | I60: 1 | J60: ARSA | K60: BİLAL AKTAŞ | L60: SATIŞ KAPANDI | M60: SATIŞ KAPANDI | AE60: OĞUZ DEMİR
A61: =F61&H61&I61 -> KINIK31513 | B61: STOK - EMANET | C61: ÖNCELİKLİ | D61: BALIKESİR | E61: SINDIRGI | F61: KINIK | G61: 310.9 | H61: 315 | I61: 13 | J61: TARLA | K61: BİLAL AKTAŞ | L61: İLANDA | M61: STOKTA | N61: 1800 | O61: =ROUND(N61*G61,-4) -> 560000 | P61: =O61*0.9 -> 504000 | Q61: - | R61: - | S61: - | T61: - | U61: 0.25 | V61: 0.5 | AB61: İLAN | AC61: 1232340780 | AD61: 136598-1536 | AE61: YUSUF ERDOĞAN | AH61: GİRAYIN ARKADAŞI MURAT coşkur | AK61: BEREKETLİ EMLAK
A62: =F62&H62&I62 -> KOCASİNAN1466 | B62: DEĞİL - SATILDI | D62: BALIKESİR | E62: SINDIRGI | F62: KOCASİNAN | G62: 467.94 | H62: 146 | I62: 6 | J62: ARSA | K62: BİLAL AKTAŞ | L62: SATIŞ KAPANDI | M62: SATIŞ KAPANDI | AB62: İLAN | AD62: 136598-1011 | AE62: HİLMİ BEY
A63: =F63&H63&I63 -> SÖVE17017 | B63: DEĞİL - SATILDI | D63: BALIKESİR | E63: SUSURLUK | F63: SÖVE | G63: 752 | H63: 170 | I63: 17 | K63: BEREKETLİ AŞ | L63: SATIŞ KAPANDI | M63: SATIŞ KAPANDI | U63: 0.4 | V63: 0.8 | W63: 132690963 | AE63: ALİYE KAYA
A64: =F64&H64&I64 -> SULTANÇAYIR01005 | B64: DEĞİL - SATILDI | D64: BALIKESİR | E64: SUSURLUK | F64: SULTANÇAYIR | G64: 565 | H64: 0 | I64: 1005 | J64: ARSA | K64: BEREKETLİ AŞ | L64: SATIŞ KAPANDI | M64: SATILDI/2. SATIŞTA | AE64: ÇAĞRI YALÇINKAYA
A65: =F65&H65&I65 -> YEŞİLYURT3138 | B65: DEĞİL - SATILDI | D65: MANİSA | E65: ALAŞEHİR | F65: YEŞİLYURT | G65: 395 | H65: 313 | I65: 8 | J65: ARSA | K65: BİLAL AKTAŞ | L65: SATIŞ KAPANDI | M65: SATIŞ KAPANDI | Q65: - | R65: - | AB65: İLAN | AE65: İSMAİL SERTESEN | AH65: NURETTİN CENGİZ
A66: =F66&H66&I66 -> MALTEPE1163311 | B66: DEĞİL - SATILDI | D66: BALIKESİR | E66: KARESİ | F66: MALTEPE | G66: 244.43 | H66: 11633 | I66: 11 | J66: ARSA | K66: BİLAL AKTAŞ | L66: SATIŞ KAPANDI | M66: SATIŞ KAPANDI | N66: 15000 | O66: =ROUND(N66*G66,-4) -> 3670000 | P66: =O66*0.9 -> 3303000 | Q66: - | R66: - | U66: 0.45 | V66: 0.9 | W66: 101298628 | AB66: İLAN | AC66: 1232403027 | AD66: 136598-610 | AE66: TANER VARSAK/MEHMET ALİ ZENGİN
A67: =F67&H67&I67 -> SULTANÇAYIR 0977 | B67: DEĞİL - SATILDI | D67: BALIKESİR | E67: SUSURLUK | F67: SULTANÇAYIR | G67: 643.07 | H67: 0 | I67: 977 | J67: ARSA | K67: BİLAL AKTAŞ | L67: SATIŞ KAPANDI | M67: SATIŞ KAPANDI | AE67: OĞUZHAN DOĞAN
A68: =F68&H68&I68 -> DİNKÇİLER131316 | B68: STOK - İPOTEK | C68: ÖNCELİKLİ | D68: BALIKESİR | E68: ALTIEYLÜL | F68: DİNKÇİLER | G68: 307.69 | H68: 13131 | I68: 6 | J68: ARSA | K68: BİLAL AKTAŞ | L68: SATIŞ KAPANDI | M68: STOKTA/İPOTEKLİ | N68: 20000 | O68: =ROUND(N68*G68,-4) -> 6150000 | P68: =O68*0.9 -> 5535000 | U68: 0.4 | V68: 1.2 | W68: 2 | AB68: ilan | AC68: İmar durumu: Ayrık Nizam, 2 Kat, “Konut-Villa” imarlıdır. | AN68: 31/12/2035
A69: =F69&H69&I69 -> NAİPLİ1135 | B69: DEĞİL - SATILDI | D69: BALIKESİR | E69: KARESİ | F69: NAİPLİ | G69: 987.78 | H69: 113 | I69: 5 | J69: ARSA | K69: BİLAL AKTAŞ | L69: İLANDA | M69: STOKTA | N69: 6000 | O69: =ROUND(N69*G69,-4) -> 5930000 | P69: =O69*0.9 -> 5337000 | U69: 0.25 | V69: 0.5 | X69: SEMİH AYGÜN | AB69: İLAN | AC69: 1232403029 | AD69: 136598-1668 | AE69: TOLGA OKYAY
A70: =F70&H70&I70 -> TATLIPINAR17818 | B70: STOK - KONS - ŞAHIS | D70: BALIKESİR | E70: KARESİ | F70: TATLIPINAR | G70: 623.93 | H70: 178 | I70: 18 | J70: ARSA | K70: BİLAL AKTAŞ | L70: İLAN BEKLİYOR | M70: SATILDI/2. SATIŞTA | N70: 3000 | O70: =ROUND(N70*G70,-4) -> 1870000 | P70: =O70*0.9 -> 1683000 | Q70: - | R70: - | U70: 0.4 | V70: 0.5 | W70: 64213775 | X70: HAKAN YANT | AB70: İLAN | AC70: 1294812542 | AE70: KORAY KIVAM | AH70: SUAT ÖZGEN
A71: =F71&H71&I71 -> TOYBELEN12014 | B71: STOK - KONS - ŞAHIS | C71: ÖNCELİKLİ | D71: BALIKESİR | E71: KARESİ | F71: TOYBELEN | G71: 815.21 | H71: 120 | I71: 14 | J71: ARSA | K71: BEREKETLİ AŞ | L71: İLAN BEKLİYOR | M71: SATILDI/2. SATIŞTA | N71: 2000 | O71: =ROUND(N71*G71,-4) -> 1630000 | P71: =O71*0.9 -> 1467000 | Q71: - | R71: - | U71: 0.4 | V71: 0.5 | X71: SEMİH | AB71: İLAN | AC71: 1232389143 | AD71: 136598-1540 | AE71: MERVE ÖZTÜRK
A72: =F72&H72&I72 -> TURPLU1384 | B72: DEĞİL - SATILDI | D72: BALIKESİR | E72: KARESİ | F72: TURPLU | G72: 615.05 | H72: 138 | I72: 4 | J72: ARSA | K72: BİLAL AKTAŞ | L72: SATIŞ KAPANDI | M72: SATIŞ KAPANDI | N72: 3500 | O72: =ROUND(N72*G72,-4) -> 2150000 | P72: =O72*0.9 -> 1935000 | X72: HAKAN YANT | AC72: 1253856946 | AD72: 136598-1783 | AE72: YUSUF ERDOĞAN | AH72: EMİNE BÜŞRA BİRYOL
A73: =F73&H73&I73 -> ÜMİTELİ01611 | B73: STOK - HAZIR | D73: BALIKESİR | E73: SUSURLUK | F73: ÜMİTELİ | G73: 9025 | H73: 0 | I73: 1611 | J73: TARLA | K73: BEREKETLİ AŞ | L73: İLAN BEKLİYOR | M73: STOKTA | N73: 350 | O73: =ROUND(N73*G73,-4) -> 3160000 | P73: =O73*0.9 -> 2844000 | W73: 52366850
A74: =F74&H74&I74 -> EYMİR1133872 | B74: DEĞİL - SATILDI | D74: ANKARA | E74: GÖLBAŞI | F74: EYMİR | G74: 94 | H74: 113387 | I74: 2 | J74: EV | K74: BEREKETLİ AŞ | L74: İLANDA | M74: STOKTA | N74: 40106 | O74: 3770000 | P74: 3600000
A75: =F75&H75&I75 -> KARAKÖY01710 | B75: STOK - YATIRIMCI | D75: ÇANAKKALE | E75: YENİCE | F75: KARAKÖY | G75: 306.5 | H75: 0 | I75: 1710 | J75: ARSA | K75: BİLAL AKTAŞ | L75: İLAN BEKLİYOR | M75: KONSİNYE | N75: 2500 | O75: =ROUND(N75*G75,-4) -> 770000 | P75: =O75*0.9 -> 693000 | Q75: - | R75: - | U75: 0.4 | V75: 0.8 | W75: 98340705 | AC75: 1237649650 | AD75: 136598-903 | AE75: YUSUF ORHAN | AN75: 31/12/2035
A76: =F76&H76&I76 -> YAYLACIK1416 | B76: DEĞİL - SATILDI | D76: BALIKESİR | E76: KARESİ | F76: YAYLACIK | G76: 905.42 | H76: 141 | I76: 6 | J76: ARSA | K76: BİLAL AKTAŞ | L76: SATIŞ KAPANDI | M76: SATIŞ KAPANDI | AE76: AYCAN ÇOBAN

Sheet SHBN AKTİF İLANLAR
A1: İLAN NO | B1: DANIŞMAN | C1: İL | D1: İLÇE | E1: MAHALLE | F1: ADA | G1: PARSEL | H1: İLAN SAHİBİ | I1: SATIŞ DURUMU
A2: 1258765786 | B2: SEMİH | C2: ANKARA | D2: GÜDÜL | E2: GÜNEYCE | F2: 911 | G2: 4 | H2: STOK | I2: SATILABİLİR
A3: 1226760223 | B3: FURKAN | C3: ANKARA | D3: GÜDÜL | E3: GÜNEYCE | F3: 911 | G3: 19 | H3: STOK | I3: SATILABİLİR
A4: 1250555803 | B4: HAKAN | C4: ANKARA | D4: GÜDÜL | E4: GÜNEYCE | F4: 911 | G4: 20 | H4: STOK | I4: SATILABİLİR
A5: 1254031393 | B5: HAKAN | C5: AYDIN | D5: YENİPAZAR | E5: ALHAN | F5: 104 | G5: 2 | H5: STOK | I5: SATILABİLİR
A6: 1289507920 | B6: HAKAN | C6: AYDIN | D6: SÖKE | E6: ATBURGAZI | F6: 110 | G6: 3 | H6: STOK | I6: REZERVE
A7: 1294440362 | B7: SEMİH | C7: AYDIN | D7: SÖKE | E7: ATBURGAZI | F7: 110 | G7: 13 | H7: STOK | I7: SATILDI
A8: 1294495237 | B8: HAKAN | C8: AYDIN | D8: GERMENCİK | E8: CAMİİKEBİR | F8: 316 | G8: 21 | H8: STOK | I8: SATILABİLİR
A9: 1245400157 | B9: FURKAN | C9: BALIKESİR | D9: DURSUNBEY | E9: ÇELİKLER | F9: 116 | G9: 69 | H9: ŞAHIS | I9: SATILABİLİR
A10: 1289536587 | B10: SEMİH | C10: BALIKESİR | D10: SUSURLUK | E10: OKÇUGÖL | F10: 101 | G10: 4 | H10: ŞAHIS | I10: SATILABİLİR
A11: 1294646787 | B11: FURKAN | C11: BALIKESİR | D11: SUSURLUK | E11: REŞADİYE | F11: 165 | G11: 10 | H11: ŞAHIS | I11: SATILABİLİR
A12: 1244385254 | B12: HAKAN | C12: BALIKESİR | D12: SUSURLUK | E12: SÖVE | F12: 170 | G12: 18 | H12: ŞAHIS | I12: SATILABİLİR
A13: 1296041862 | B13: HAKAN | C13: BALIKESİR | D13: SUSURLUK | E13: OKÇUGÖL | F13: 101 | G13: 9 | H13: STOK | I13: SATILABİLİR
... A65: 1296435235 | B65: HAKAN | C65: BALIKESİR | D65: SUSURLUK | E65: KEPEKLER | F65: 132 | G65: 8 | H65: STOK | I65: SATILABİLİR

Sheet İLAN PLANLAMASI
A1: SAHİBİNDEN İLAN PLANLAMASI | B1: DEĞERLENDİRME - SONUÇ | C1: LİSTE GÜNCELLEME DURUMU
A2: GERMENCİK -SEMİH VE FURKAN GİRİLEBİLİR | B2: Furkan ilan girsin
A3: BİGA - FURKAN GİREBİLİR | B3: Furkan ilan girsin
A4: İSLAMLAR TEK PARSEL HİÇ KİMSEDE YOK | B4: Takasta birinden haber bekliyorduk, Semih daha beklemeyelim ilanı 5.500.000 TL den girersin, doping te basalım
A5: SEYİTLER - FURKAN VE SEMİH GİREBİLİR | B5: Semih ilan girsin
A6: BEĞEL 1 STOK VAR FURKAN- HAKAN GİREBİLİR | B6: Hakan abi ilan girsin | C6: YAPILDI - LİSTEYE YAZILDI
A7: KEMALİYE - SEMİH FURKAN GİREBİLİR | B7: Semih ilan girsin
A8: ERDEL - HAKAN-FURKAN EKLEYEBİLİR | B8: Hakan abi ilan girsin | C8: YAPILDI - LİSTEYE YAZILDI
A9: BÜYÜKPINAR- HAKAN GİREBİLİR | B9: Hakan abi ilan girsin | C9: YAPILDI - LİSTEYE YAZILDI
A10: İBİRLERDE 1 ADET DAHA GİRİLEBİLİR (SADECE BİLAL BEYDE) | B10: Bilal'dekini furkan alsın, semih bir ilan daha gir
A11: DAVUTLARDA HİÇ İLANIMIZ YOK | B11: Yer sahibi yerin satılması konusunda net değil, kalsın şuanlık
A12: KUVAYİ MİLLİYE - FURKAN 1 ADET GİREBİLİR | B12: Furkan ilan girsin
A13: TOYBELENE 1 İLAN DAHA GİRİLEBİLİR (SEMİH-FURKAN) | B13: Semih ilan girsin
A14: SULTANÇAYIR - HİÇ İLAN YOK | B14: Buradaki prefabrik ev, Hasan lots'tan ilan girelim
A15: DEMİRKAPI - HİÇ İLAN YOK | B15: Yer sahibi yerin satılması konusunda net değil, kalsın şuanlık
A16: BALIKLIDERE - FURKAN GİREBİLİR | B16: Furkan ilan girsin
A17: REŞADİYE - SEMİH GİREBİLİR | B17: Semih ilan girsin
A18: SÖVE - SEMİH'DE İLAN GİRİLEBİLİR | B18: Semih ilan girsin
A19: KEPEKLERDE HİÇ İLAN YOK | B19: Hakan abi ilan girsin | C19: YAPILDI - LİSTEYE YAZILDI

Sheet Sheet1
A1: Metrekare | B1: SATIŞ RAKAMI | C1: Ömer | D1: Bereketli | E1: BAKİYE | F1: SATIŞ DURUMU | G1: MÜŞTERİ | H1: ada | I1: parsel
A2: 627.94 | B2: 2500 | E2: 2500 | G2: murat | H2: 109 | I2: 7
A3: 663.98 | B3: 2500 | C3: 1222 | D3: 1278 | F3: SATILDI | G3: ALİ BAŞÇAVUS | H3: 109 | I3: 1
A4: 664.01 | B4: 2400 | C4: 1300 | D4: 700 | E4: 400 | F4: SATILDI | G4: MUTTALİP BAŞÇAVUŞ | H4: 109 | I4: 2 | J4: taksit ve senet yapıldı takip edilecek
A5: 671.98 | B5: 2618 | D5: 2268 | E5: 350 | F5: satıldı | G5: yaşar kara | H5: 109 | I5: 9
A6: 671.98 | B6: 2250 | E6: 2250 | F6: SATILDI | G6: MENEKŞE BULAT | H6: 109 | I6: 10 | J6: 4200 yarın gelecek 300 bin tl taksidi biz takip edeceğiz
A7: 671.99 | B7: 2500 | E7: 2500 | G7: murat | H7: 109 | I7: 8 | J7: 4200 yarın gelecek 300 bin tl taksidi biz takip edeceğiz
A8: 672.05 | B8: 2250 | E8: 2250 | F8: SATILDI | G8: MENEKŞE BULAT | H8: 109 | I8: 3 | J8: 6000 yarın gelecek ömerin hesabına gidecek 1750 taksit 5 tane 300 1 tane 250 taksitleri aldıkça 150 şer bin 3 taksit 450 bin tl komisyon ödeyeceğiz
A9: 672.07 | B9: 2500 | D9: 2500 | F9: SATILDI | G9: ALİ/MURAT BAŞÇAVUŞ | H9: 109 | I9: 4
A10: 672.13 | B10: 2600 | D10: 2600 | F10: SATILDI | G10: GÖKHAN ERDİNÇ | H10: 109 | I10: 5
A11: 704.82 | B11: 2750 | E11: 2750 | G11: murat | H11: 109 | I11: 6
A12: 751.94 | B12: 3600 | D12: 1800 | E12: 1800 | F12: SATILDI | G12: BİRANT AKKUYU | H12: 101 | I12: 6 | J12: 7*50 bin taksit ve senet yapıldı
B17: SATIŞ RAKAMI | C17: Ömer | D17: Bereketli | E17: BAKİYE | F17: SATIŞ DURUMU | G17: MÜŞTERİ
A18: 663.98 | B18: 2500 | C18: 1222 | D18: 1278 | F18: SATILDI | G18: ALİ BAŞÇAVUS | H18: 109 | I18: 1
A19: 672.07 | B19: 2500 | D19: 2500 | F19: SATILDI | G19: ALİ/MURAT BAŞÇAVUŞ | H19: 109 | I19: 4
A20: 751.94 | B20: 3600 | D20: 1800 | E20: 1800 | F20: SATILDI | G20: BİRANT AKKUYU | H20: 101 | I20: 6
A21: 672.13 | B21: 2600 | D21: 2600 | F21: SATILDI | G21: GÖKHAN ERDİNÇ | H21: 109 | I21: 5
A22: 671.98 | B22: 2250 | D22: 2100 | E22: 150 | F22: SATILDI | G22: MENEKŞE BULAT | H22: 109 | I22: 10
A23: 672.05 | B23: 2250 | D23: 2100 | E23: 150 | F23: SATILDI | G23: MENEKŞE BULAT | H23: 109 | I23: 3
A24: 627.94 | B24: 2500 | D24: 2000 | E24: 500 | G24: murat | H24: 109 | I24: 7
A25: 671.99 | B25: 2500 | D25: 2000 | E25: 500 | G25: murat | H25: 109 | I25: 8
A26: 704.82 | B26: 2750 | D26: 2000 | E26: 750 | G26: murat | H26: 109 | I26: 6
A27: 664.01 | B27: 2400 | C27: 1300 | D27: 700 | E27: 400 | F27: SATILDI | G27: MUTTALİP BAŞÇAVUŞ | H27: 109 | I27: 2
A28: 671.98 | B28: 2618 | D28: 2268 | E28: 350 | F28: satıldı | G28: yaşar kara | H28: 109 | I28: 9

Sheet inköyler
B5: KOD | C5: STOK TÜRÜ | D5: ÖNCELİK | E5: İL | F5: İLÇE | G5: MAHALLE | H5: ALAN | I5: ADA | J5: PARSEL | K5: NİTELİK | L5: ŞİRKET | M5: DURUM | N5: DURUM 2 | O5: M2 FİYATI
B6: =G6&I6&J6 -> İNKÖY48681-7 | C6: STOK - HAZIR | D6: ÖNCELİKLİ | E6: KÜTAHYA | F6: MERKEZ | G6: İNKÖY | H6: 150 | I6: 4868 | J6: 1-7 | K6: ARSA | L6: BEREKETLİ AŞ | M6: İLAN BEKLİYOR | N6: STOKTA | O6: =P6/H6 -> 0
B7: =G7&I7&J7 -> İNKÖY48681-8 | C7: STOK - HAZIR | D7: ÖNCELİKLİ | E7: KÜTAHYA | F7: MERKEZ | G7: İNKÖY | H7: 150 | I7: 4868 | J7: 1-8 | K7: ARSA | L7: BEREKETLİ AŞ | M7: İLAN BEKLİYOR | N7: STOKTA | O7: =P7/H7 -> 0
B8: =G8&I8&J8 -> İNKÖY48681-9 | C8: STOK - HAZIR | D8: ÖNCELİKLİ | E8: KÜTAHYA | F8: MERKEZ | G8: İNKÖY | H8: 150 | I8: 4868 | J8: 1-9 | K8: ARSA | L8: BEREKETLİ AŞ | M8: İLAN BEKLİYOR | N8: STOKTA | O8: =P8/H8 -> 0
B9: =G9&I9&J9 -> İNKÖY48681-10 | C9: STOK - HAZIR | D9: ÖNCELİKLİ | E9: KÜTAHYA | F9: MERKEZ | G9: İNKÖY | H9: 150 | I9: 4868 | J9: 1-10 | K9: ARSA | L9: BEREKETLİ AŞ | M9: İLAN BEKLİYOR | N9: STOKTA | O9: =P9/H9 -> 0
B10: =G10&I10&J10 -> İNKÖY48681-11 | C10: STOK - HAZIR | D10: ÖNCELİKLİ | E10: KÜTAHYA | F10: MERKEZ | G10: İNKÖY | H10: 150 | I10: 4868 | J10: 1-11 | K10: ARSA | L10: BEREKETLİ AŞ | M10: İLAN BEKLİYOR | N10: STOKTA | O10: =P10/H10 -> 0
B11: =G11&I11&J11 -> İNKÖY48681-1 | C11: DEĞİL - SATILDI | E11: KÜTAHYA | F11: MERKEZ | G11: İNKÖY | H11: 150 | I11: 4868 | J11: 1-1 | K11: ARSA | L11: BEREKETLİ AŞ | M11: SATIŞ KAPANDI | N11: SATIŞ KAPANDI | O11: =P11/H11 -> 0
B12: =G12&I12&J12 -> İNKÖY48681-2 | C12: DEĞİL - SATILDI | E12: KÜTAHYA | F12: MERKEZ | G12: İNKÖY | H12: 150 | I12: 4868 | J12: 1-2 | K12: ARSA | L12: BEREKETLİ AŞ | M12: SATIŞ KAPANDI | N12: SATIŞ KAPANDI | O12: =P12/H12 -> 0
B13: =G13&I13&J13 -> İNKÖY48681-3 | C13: DEĞİL - SATILDI | E13: KÜTAHYA | F13: MERKEZ | G13: İNKÖY | H13: 150 | I13: 4868 | J13: 1-3 | K13: ARSA | L13: BEREKETLİ AŞ | M13: SATIŞ KAPANDI | N13: SATIŞ KAPANDI | O13: =P13/H13 -> 0
B14: =G14&I14&J14 -> İNKÖY48681-4 | C14: DEĞİL - SATILDI | E14: KÜTAHYA | F14: MERKEZ | G14: İNKÖY | H14: 150 | I14: 4868 | J14: 1-4 | K14: ARSA | L14: BEREKETLİ AŞ | M14: SATIŞ KAPANDI | N14: SATIŞ KAPANDI | O14: =P14/H14 -> 0
B15: =G15&I15&J15 -> İNKÖY48681-5 | C15: DEĞİL - SATILDI | E15: KÜTAHYA | F15: MERKEZ | G15: İNKÖY | H15: 150 | I15: 4868 | J15: 1-5 | K15: ARSA | L15: BEREKETLİ AŞ | M15: İLAN BEKLİYOR | N15: STOKTA | O15: =P15/H15 -> 0
B16: =G16&I16&J16 -> İNKÖY48681-12 | C16: STOK - HAZIR | D16: ÖNCELİKLİ | E16: KÜTAHYA | F16: MERKEZ | G16: İNKÖY | H16: 150 | I16: 4868 | J16: 1-12 | K16: ARSA | L16: BEREKETLİ AŞ | M16: İLAN BEKLİYOR | N16: STOKTA | O16: =P16/H16 -> 0
B17: =G17&I17&J17 -> İNKÖY48681-13 | C17: STOK - HAZIR | D17: ÖNCELİKLİ | E17: KÜTAHYA | F17: MERKEZ | G17: İNKÖY | H17: 150 | I17: 4868 | J17: 1-13 | K17: ARSA | L17: BEREKETLİ AŞ | M17: İLAN BEKLİYOR | N17: STOKTA | O17: =P17/H17 -> 0
B18: =G18&I18&J18 -> İNKÖY48681-14 | C18: STOK - HAZIR | D18: ÖNCELİKLİ | E18: KÜTAHYA | F18: MERKEZ | G18: İNKÖY | H18: 150 | I18: 4868 | J18: 1-14 | K18: ARSA | L18: BEREKETLİ AŞ | M18: İLAN BEKLİYOR | N18: STOKTA | O18: =P18/H18 -> 0
B19: =G19&I19&J19 -> İNKÖY48681-15 | C19: STOK - HAZIR | D19: ÖNCELİKLİ | E19: KÜTAHYA | F19: MERKEZ | G19: İNKÖY | H19: 150 | I19: 4868 | J19: 1-15 | K19: ARSA | L19: BEREKETLİ AŞ | M19: İLAN BEKLİYOR | N19: STOKTA | O19: =P19/H19 -> 0
B20: =G20&I20&J20 -> İNKÖY48681-16 | C20: STOK - HAZIR | D20: ÖNCELİKLİ | E20: KÜTAHYA | F20: MERKEZ | G20: İNKÖY | H20: 150 | I20: 4868 | J20: 1-16 | K20: ARSA | L20: BEREKETLİ AŞ | M20: İLAN BEKLİYOR | N20: STOKTA | O20: =P20/H20 -> 0
B21: =G21&I21&J21 -> İNKÖY48681-17 | C21: STOK - HAZIR | D21: ÖNCELİKLİ | E21: KÜTAHYA | F21: MERKEZ | G21: İNKÖY | H21: 150 | I21: 4868 | J21: 1-17 | K21: ARSA | L21: BEREKETLİ AŞ | M21: İLAN BEKLİYOR | N21: STOKTA | O21: =P21/H21 -> 0
B22: =G22&I22&J22 -> İNKÖY48681-18 | C22: STOK - HAZIR | D22: ÖNCELİKLİ | E22: KÜTAHYA | F22: MERKEZ | G22: İNKÖY | H22: 150 | I22: 4868 | J22: 1-18 | K22: ARSA | L22: BEREKETLİ AŞ | M22: İLAN BEKLİYOR | N22: STOKTA | O22: =P22/H22 -> 0
B23: =G23&I23&J23 -> İNKÖY48681-19 | C23: STOK - HAZIR | D23: ÖNCELİKLİ | E23: KÜTAHYA | F23: MERKEZ | G23: İNKÖY | H23: 150 | I23: 4868 | J23: 1-19 | K23: ARSA | L23: BEREKETLİ AŞ | M23: İLAN BEKLİYOR | N23: STOKTA | O23: =P23/H23 -> 0
B24: =G24&I24&J24 -> İNKÖY48681-20 | C24: STOK - HAZIR | D24: ÖNCELİKLİ | E24: KÜTAHYA | F24: MERKEZ | G24: İNKÖY | H24: 150 | I24: 4868 | J24: 1-20 | K24: ARSA | L24: BEREKETLİ AŞ | M24: İLAN BEKLİYOR | N24: STOKTA | O24: =P24/H24 -> 0
B25: =G25&I25&J25 -> İNKÖY48682-1 | C25: STOK - HAZIR | D25: ÖNCELİKLİ | E25: KÜTAHYA | F25: MERKEZ | G25: İNKÖY | H25: 150 | I25: 4868 | J25: 2-1 | K25: ARSA | L25: BEREKETLİ AŞ | M25: İLAN BEKLİYOR | N25: STOKTA | O25: =P25/H25 -> 0
B26: =G26&I26&J26 -> İNKÖY48682-2 | C26: STOK - HAZIR | D26: ÖNCELİKLİ | E26: KÜTAHYA | F26: MERKEZ | G26: İNKÖY | H26: 150 | I26: 4868 | J26: 2-2 | K26: ARSA | L26: BEREKETLİ AŞ | M26: İLAN BEKLİYOR | N26: STOKTA | O26: =P26/H26 -> 0
B27: =G27&I27&J27 -> İNKÖY48682-3 | C27: STOK - HAZIR | D27: ÖNCELİKLİ | E27: KÜTAHYA | F27: MERKEZ | G27: İNKÖY | H27: 150 | I27: 4868 | J27: 2-3 | K27: ARSA | L27: BEREKETLİ AŞ | M27: İLAN BEKLİYOR | N27: STOKTA | O27: =P27/H27 -> 0
... B44: =G44&I44&J44 -> İNKÖY48682-20 | C44: STOK - HAZIR | D44: ÖNCELİKLİ | E44: KÜTAHYA | F44: MERKEZ | G44: İNKÖY | H44: 150 | I44: 4868 | J44: 2-20 | K44: ARSA | L44: BEREKETLİ AŞ | M44: İLAN BEKLİYOR | N44: STOKTA | O44: =P44/H44 -> 0
B45: =G45&I45&J45 -> İNKÖY48681-6 | C45: STOK - HAZIR | E45: KÜTAHYA | F45: MERKEZ | G45: İNKÖY | H45: 150 | I45: 4868 | J45: 1-6 | K45: ARSA | L45: BEREKETLİ AŞ | M45: SATIŞ KAPANDI | N45: SATIŞ KAPANDI | O45: =P45/H45 -> 0

Sheet Sayfa1
C2: Bölge | E2: M2 Fiyatları TL | F2: Fiyat Düşük TL | G2: Fiyat Yüksek TL | H2: Alan m² | I2: Adet/Parsel | J2: KASK | K2: GABARİ | N2: Bölge | O2: M2 Fiyatları TL | P2: Fiyat Düşük TL | Q2: Fiyat Yüksek TL | R2: Alan m² | S2: Adet/Parsel | T2: KASK | U2: GABARİ
C3: Ankara, Güdül - Güneyce | D3: GÜNEYCE | E3: =VLOOKUP(D3,'Bereketli Satış'!$F:$N,9,1) -> 0 | I3: 13 | K3: 7.5 | N3: Balıkesir, Altıeylül - Dinkçiler | O3: 20000 | P3: 6150000 | R3: 307 m² | S3: 1
C4: Aydın, Germencik - Camikebir | D4: CAMİKEBİR | E4: =VLOOKUP(D4,'Bereketli Satış'!$F:$N,9,1) -> 2500 | I4: 4 | K4: 6.5
C5: Aydın, Yenipazar - Alhan | I5: 2 | K5: 7.5 | N5: Balıkesir, Dursunbey - Delice | O5: 2500 | P5: 770000 | Q5: 990000 | R5: 305 m² - 397 m² | S5: 4
C6: Antalya, Finike - Karşıyaka | I6: 1 | K6: 9.5 | N6: Balıkesir, Dursunbey - AşağıMusalar | O6: 2000 | P6: 440000 | Q6: 440000 | R6: 301 m² - 301 m² | S6: 4
N7: Balıkesir, Dursunbey - YukarıMusalar | O7: 1200 | P7: 440000 | Q7: 440000 | R7: 337 m² - 368 m² | S7: 5
N8: Balıkesir, Dursunbey - Çelikler | O8: 976 | P8: 850000 | R8: 870 m² | S8: 1
C9: Bursa, Yenişehir - Karaköy
C10: Bursa, Kemalpaşa - Lalaşahin | N10: Balıkesir, İvrindi - Gözlüçayır | O10: 2500 | P10: 1300000 | Q10: 1360000 | R10: 516 m² - 542 m² | S10: 2
C11: Bursa, Nilüfer - Dağyenice (Tarla) | N11: Balıkesir, İvrindi - Erdel | P11: 920000 | Q11: 1400000 | R11: 461 m² - 700 m² | S11: 3
C12: Bursa-Orhangazi - Gedelek (Tarla)
N13: Balıkesir, Susurluk - Ilıcaboğazı | O13: 3000 | P13: 770000 | Q13: 2630000 | R13: 257 m² - 877 m² | S13: 29
C14: Çanakkale; Biga Kahvetepe | N14: Balıkesir, Susurluk - Reşadiye | O14: 2500 | P14: 700000 | Q14: 1930000 | R14: 280 m² - 771 m² | S14: 52
C15: Çanakkale; Çan - İstiklal | N15: Balıkesir, Susurluk - Balıklıdere | O15: 3000 | P15: 1910000 | R15: 638 m² | S15: 1
C16: Çanakkale; Yenice - Karaköy | N16: Balıkesir, Susurluk - Söve | O16: 1770 | P16: 1090000 | Q16: 1350000 | R16: 610 m² - 761 m² | S16: 4
N17: Balıkesir, Susurluk - Muradiye | O17: 1652 | P17: 990000 | S17: 1
C18: İzmir, Dikili - Katıralanı | N18: Balıkesir, Susurluk - Sultançayır | O18: 11687 | P18: 7300000 | R18: 622 m² | S18: 1
C19: İzmir, Dikili - İslamlar | N19: Balıkesir, Susurluk - Ümiteli | O19: 2000 | P19: 3120000 | R19: 1559 m² | S19: 1
N21: Balıkesir, Karesi-Kuvayi Milliye | O21: 11.687 - 25.000 | P21: 2760000 | Q21: 9480000 | R21: 236 m² - 462 m² | S21: 32
C22: Manisa, Akhisar - Tütenli (Milinge) | N22: Balıkesir, Karesi- Kalaycılar | O22: 6500 | P22: 5720000 | R22: 879 m² | S22: 1
C23: Manisa, Alaşehir - Kemaliye | N23: Balıkesir, Karesi- Naipli | O23: 5500 | P23: 5430000 | Q23: 6720000 | R23: 987 m² - 1221 m² | S23: 4
C24: Manisa, Alaşehir - Killik | N24: Balıkesir, Karesi- Büyükpınar | O24: 2000 | P24: 980000 | Q24: 1980000 | R24: 489 m² - 988 m² | S24: 8
C25: Manisa, Demirci - Kulalar (Tarla) | N25: Balıkesir, Karesi- Davutlar | O25: 3415 | P25: 1900000 | Q25: 1900000 | R25: 585 m² | S25: 2
C26: Manisa, Demirci - Bardakçı | N26: Balıkesir, Karesi- İbirler | O26: 4000 | P26: 2500000 | Q26: 3400000 | R26: 615 m² - 854 m² | S26: 2
C27: Manisa, Gördes - Beğel | N27: Balıkesir, Karesi- Kırmızılar | O27: 2500 | P27: 1080000 | R27: 433 m² | S27: 1
C28: Manisa, Şehzadeler - Tepecik | N28: Balıkesir, Karesi- Maltepe | O28: 15000 | P28: 3670000 | R28: 244 m² | S28: 1
C29: Manisa, Demirci - Boyacık (Bahçe) | N29: Balıkesir, Karesi- Tatlıpınar | O29: 2125 | P29: 1300000 | R29: 623 m² | S29: 1
C30: Manisa, Demirci - Hüdük (Tarla) | N30: Balıkesir, Karesi- Toybelen | O30: 2000 | P30: 1630000 | Q30: 2000000 | R30: 815 m² - 1001 m² | S30: 3
C31: Manisa, Demirci - Minnetler (Tarla) | N31: Balıkesir, Karesi- Turplu | O31: 3000 | P31: 1520000 | R31: 509 m² | S31: 1
N33: Balıkesir, Sındırgı-Armutlu | O33: 2000 | P33: 1100000 | Q33: 1680000 | R33: 548 m² - 851 m² | S33: 36
N34: Balıkesir, Sındırgı-İbiller | O34: 2500 | P34: 760000 | Q34: 2100000 | R34: 302 m² - 837 m² | S34: 100
N35: Balıkesir, Sındırgı- Kınık (Tarla) | O35: 2000 | P35: 620000 | R35: 310 m² | S35: 1
N37: Balıkesir, Kepsut - Kayaeli (Tarla) | O37: 112 | P37: 550000 | R37: 4454 m² | S37: 1

Sheet Pivot İzleme
A1: İL | B1: İLÇE | C1: MAHALLE | D1: M2 FİYATI | E1: Düşük M2 | F1: Yüksek M2 | G1: TASK | H1: KASK | I1: GABARİ
A2: ANKARA | B2: GÜDÜL | C2: GÜNEYCE | D2: 2000 | E2: 400 | F2: 400 | G2: 0.11 | H2: 0.35 | I2: 9.5
C3: Toplam GÜNEYCE | I3: Mevcut Değil
B4: Toplam GÜDÜL | I4: Mevcut Değil
A5: Toplam ANKARA | I5: Mevcut Değil
A6: ANTALYA | B6: FİNİKE | C6: KARŞIYAKA | D6: 30000 | E6: 358 | F6: //// | G6: 0.4 | H6: 1.2 | I6: Mevcut Değil
C7: Toplam KARŞIYAKA | I7: Mevcut Değil
B8: Toplam FİNİKE | I8: Mevcut Değil
A9: Toplam ANTALYA | I9: Mevcut Değil
A10: AYDIN | B10: GERMENCİK | C10: CAMİKEBİR | D10: 6000 | E10: 226 | F10: 405 | G10: 0.4 | H10: 0.8 | I10: Mevcut Değil
C11: Toplam CAMİKEBİR | I11: Mevcut Değil
B12: Toplam GERMENCİK | I12: Mevcut Değil
B13: YENİPAZAR | C13: ALHAN | D13: 3000 | E13: 407 | F13: 552 | G13: 0.2 | H13: 0.4 | I13: Mevcut Değil
C14: Toplam ALHAN | I14: Mevcut Değil
B15: Toplam YENİPAZAR | I15: Mevcut Değil
A16: Toplam AYDIN | I16: Mevcut Değil
A17: BALIKESİR | B17: ALTIEYLÜL | C17: DİNKÇİLER | D17: 20000 | E17: 307 | F17: //// | G17: 0.4 | H17: 1.2 | I17: Mevcut Değil
C18: Toplam DİNKÇİLER | I18: Mevcut Değil
C19: KÜRSE | D19: (boş) | I19: Mevcut Değil
C20: Toplam KÜRSE | I20: Mevcut Değil
C21: SELİMİYE | D21: (boş) | I21: Mevcut Değil
C22: Toplam SELİMİYE | I22: Mevcut Değil
B23: Toplam ALTIEYLÜL | I23: Mevcut Değil
B24: DURSUNBEY | C24: AŞAĞIMUSALAR | D24: 2250 | E24: 301 | F24: //// | G24: 0.4 | H24: 0.8 | I24: Mevcut Değil
C25: Toplam AŞAĞIMUSALAR | I25: Mevcut Değil
C26: ÇELİKLER | D26: 1500 | E26: 870 | F26: //// | G26: 0.4 | H26: 0.8 | I26: Mevcut Değil
C27: Toplam ÇELİKLER | I27: Mevcut Değil
C28: DELİCE | D28: 2500 | E28: 302 | F28: 461 | G28: 0.4 | H28: 0.8 | I28: Mevcut Değil
C29: Toplam DELİCE | I29: Mevcut Değil
C30: SELİMAĞA | D30: (boş) | E30: 380 | F30: 758 | G30: Mevcut Değil | H30: Mevcut Değil | I30: Mevcut Değil
C31: Toplam SELİMAĞA | I31: Mevcut Değil
C32: YUKARIMUSALAR | D32: 2000 | E32: 337 | F32: 368 | G32: 0.4 | H32: 0.8 | I32: Mevcut Değil
C33: Toplam YUKARIMUSALAR | I33: Mevcut Değil
B34: Toplam DURSUNBEY | I34: Mevcut Değil
B35: İVRİNDİ | C35: ERDEL | D35: 2000 | E35: 461 | F35: 699 | G35: 0.4 | H35: 0.8 | I35: Mevcut Değil
C36: Toplam ERDEL | I36: Mevcut Değil
C37: GÖZLÜÇAYIR | D37: 2500 | E37: 516 | F37: 542 | G37: 0.4 | H37: 0.8 | I37: Mevcut Değil
C38: Toplam GÖZLÜÇAYIR | I38: Mevcut Değil
B39: Toplam İVRİNDİ | I39: Mevcut Değil
B40: KARESİ | C40: BAKACAK | D40: (boş) | E40: 499 | F40: //// | G40: Mevcut Değil | H40: Mevcut Değil | I40: Mevcut Değil
C41: Toplam BAKACAK | I41: Mevcut Değil
C42: BÜYÜKPINAR | D42: 2500 | E42: 442 | F42: 1225 | G42: 0.2 | H42: 0.4 | I42: Mevcut Değil
C43: Toplam BÜYÜKPINAR | I43: Mevcut Değil
C44: DAVUTLAR | D44: 3415 | E44: 585 | F44: //// | G44: 0.2 | H44: 0.4 | I44: Mevcut Değil
C45: Toplam DAVUTLAR | I45: Mevcut Değil
C46: İBİRLER | D46: 4000 | E46: 615 | F46: 1019 | G46: 0.25 | H46: 0.5 | I46: Mevcut Değil
C47: Toplam İBİRLER | I47: Mevcut Değil
C48: KALAYCILAR | D48: 6500 | E48: 789 | F48: 880 | G48: 0.25 | H48: 0.5 | I48: Mevcut Değil
C49: Toplam KALAYCILAR | I49: Mevcut Değil
C50: KIRMIZILAR | D50: 3000 | E50: 433 | F50: 461 | G50: 0.2 | H50: 0.4 | I50: Mevcut Değil
C51: Toplam KIRMIZILAR | I51: Mevcut Değil
C52: KUVAYİ MİLLİYE | D52: 15000 | E52: 236 | F52: 462 | G52: 0.25 | H52: 0.5 | I52: Mevcut Değil
D53: 25000 | G53: Mevcut Değil | H53: Mevcut Değil | I53: Mevcut Değil
D54: (boş) | I54: Mevcut Değil
C55: Toplam KUVAYİ MİLLİYE | I55: Mevcut Değil
C56: MALTEPE | D56: 15000 | E56: 244 | F56: //// | G56: 0.45 | H56: 0.9 | I56: Mevcut Değil
C57: Toplam MALTEPE | I57: Mevcut Değil
C58: NAİPLİ | D58: 6000 | E58: 987 | F58: 1221 | G58: 0.25 | H58: 0.5 | I58: Mevcut Değil
C59: Toplam NAİPLİ | I59: Mevcut Değil
C60: TATLIPINAR | D60: 3000 | E60: 623 | F60: //// | G60: 0.4 | H60: 0.5 | I60: Mevcut Değil
C61: Toplam TATLIPINAR | I61: Mevcut Değil
C62: TOYBELEN | D62: 2000 | E62: 815 | F62: 1001 | G62: 0.4 | H62: 0.5 | I62: Mevcut Değil
C63: Toplam TOYBELEN | I63: Mevcut Değil
C64: TURPLU | D64: 3500 | E64: 419 | F64: 615 | G64: Mevcut Değil | H64: Mevcut Değil | I64: Mevcut Değil
C65: Toplam TURPLU | I65: Mevcut Değil
C66: YAYLACIK | D66: (boş) | E66: 905 | F66: //// | G66: Mevcut Değil | H66: Mevcut Değil | I66: Mevcut Değil
C67: Toplam YAYLACIK | F67: //// | I67: Mevcut Değil
B68: Toplam KARESİ | F68: //// | I68: Mevcut Değil
B69: KEPSUT | C69: KAYAELİ | D69: 112 | E69: 4454 | F69: //// | G69: Mevcut Değil | H69: Mevcut Değil | I69: Mevcut Değil
C70: Toplam KAYAELİ | F70: //// | I70: Mevcut Değil
C71: KÜÇÜKKATRANCI | D71: (boş) | E71: 5272 | F71: //// | G71: Mevcut Değil | H71: Mevcut Değil | I71: Mevcut Değil
C72: Toplam KÜÇÜKKATRANCI | I72: Mevcut Değil
B73: Toplam KEPSUT | I73: Mevcut Değil
B74: SINDIRGI | C74: ARMUTLU | D74: 2250 | E74: 548 | F74: 851 | G74: 0.25 | H74: 0.5 | I74: Mevcut Değil
C75: Toplam ARMUTLU | I75: Mevcut Değil
C76: DERECİKÖREN | D76: (boş) | E76: 343 | F76: //// | G76: Mevcut Değil | I76: Mevcut Değil
C77: Toplam DERECİKÖREN | I77: Mevcut Değil
C78: İBİLLER | D78: 2500 | E78: 302 | F78: 837 | G78: 0.25 | H78: 0.5 | I78: Mevcut Değil
C79: Toplam İBİLLER | I79: Mevcut Değil
C80: KINIK | D80: 2000 | E80: 310 | F80: //// | G80: 0.25 | H80: 0.5 | I80: Mevcut Değil
C81: Toplam KINIK | F81: //// | I81: Mevcut Değil
C82: KOCASİNAN | D82: (boş) | E82: 647 | F82: //// | I82: Mevcut Değil
C83: Toplam KOCASİNAN | F83: //// | I83: Mevcut Değil
B84: Toplam SINDIRGI | F84: //// | I84: Mevcut Değil
B85: SUSURLUK | C85: BALIKLIDERE | D85: 4000 | E85: 638 | F85: //// | G85: 0.4 | H85: 0.8 | I85: Mevcut Değil
D86: 5500 | I86: Mevcut Değil
D87: 4800 | E87: 667 | F87: 754 | I87: Mevcut Değil
C88: Toplam BALIKLIDERE | I88: Mevcut Değil
C89: DEMİRKAPI | D89: (boş) | E89: 256 | F89: 877 | G89: 0.4 | H89: 0.8 | I89: Mevcut Değil
C90: Toplam DEMİRKAPI | I90: Mevcut Değil
C91: ILICABOĞAZI | D91: 4000 | I91: Mevcut Değil
D92: (boş) | E92: 599 | F92: //// | G92: Mevcut Değil | H92: Mevcut Değil | I92: Mevcut Değil
C93: Toplam ILICABOĞAZI | I93: Mevcut Değil
C94: MURADİYE | D94: (boş) | E94: 261 | F94: 800 | G94: 0.3 | H94: 0.5 | I94: Mevcut Değil
C95: Toplam MURADİYE | I95: Mevcut Değil
C96: REŞADİYE | D96: 2500 | E96: 610 | F96: 761 | G96: Mevcut Değil | H96: Mevcut Değil | I96: Mevcut Değil
C97: Toplam REŞADİYE | I97: Mevcut Değil
C98: SÖVE | D98: (boş) | E98: 615 | F98: 670 | G98: Mevcut Değil | H98: Mevcut Değil | I98: Mevcut Değil
C99: Toplam SÖVE | I99: Mevcut Değil
C100: SULTANÇAYIR | D100: 6450 | I100: Mevcut Değil
...

Sheet ARSLAN
A1: Bereketli Satış Listesi Veri Sayısı | B1: =COUNTA('Bereketli Satış'!D:D)-1 -> 75 | H1: Envanter | N1: Satışa Açık | X1: Satışa Açık Alan m2 Aralıkları
A2: =IF(B1=G74,"Tablo Güncel","Tabloda Eksik Var") -> Tabloda Eksik Var
H4: SATIŞ KAPANDI | I4: İLANDA | J4: İLAN BEKLİYOR | K4: SATILDI | L4: REZERVE | N4: STOKTA | O4: KONSİNYE | P4: SATILDI/2. SATIŞTA | Q4: REZERVE | R4: SATILDI/BÖLÜNDÜ/2.SATIŞTA | S4: STOKTA/İPOTEKLİ | T4: MÜŞTERİ YERİ | U4: SATIŞ KAPANDI | V4: SATILDI | X4: 0-250 | Y4: 250-500 | Z4: 500-1000 | AA4: 1000 ve üstü | AB4: Veri Durumu
D5: İL | E5: İLÇE | F5: MAHALLE | G5: Arsa Sayısı | AC5: ANALİZ BÖLÜMÜ | AD5: Özet Tablo
D6: ANKARA | E6: GÜDÜL | F6: GÜNEYCE | G6: =COUNTIFS('Bereketli Satış'!D:D,D6,'Bereketli Satış'!$E:$E,E6,'Bereketli Satış'!$F:$F,F6) -> 1 | H6: =COUNTIFS('Bereketli Satış'!$D:$D,D6,'Bereketli Satış'!$E:$E,E6,'Bereketli Satış'!$F:$F,F6,'Bereketli Satış'!$L:$L,$H$4) -> 0 | I6: =COUNTIFS('Bereketli Satış'!$D:$D,D6,'Bereketli Satış'!$E:$E,E6,'Bereketli Satış'!$F:$F,F6,'Bereketli Satış'!$L:$L,$I$4) -> 0 | J6: =COUNTIFS('Bereketli Satış'!$D:$D,D6,'Bereketli Satış'!$E:$E,E6,'Bereketli Satış'!$F:$F,F6,'Bereketli Satış'!$L:$L,$J$4) -> 0 | K6: =COUNTIFS('Bereketli Satış'!$D:$D,D6,'Bereketli Satış'!$E:$E,E6,'Bereketli Satış'!$F:$F,F6,'Bereketli Satış'!$L:$L,$K$4) -> 1 | L6: =COUNTIFS('Bereketli Satış'!$D:$D,D6,'Bereketli Satış'!$E:$E,E6,'Bereketli Satış'!$F:$F,F6,'Bereketli Satış'!$L:$L,$L$4) -> 0 | M6: =SUM(H6:L6) -> 1 | N6: =COUNTIFS('Bereketli Satış'!$D:$D,D6,'Bereketli Satış'!$E:$E,E6,'Bereketli Satış'!$F:$F,F6,'Bereketli Satış'!$M:$M,$N$4) -> 0 | O6: =COUNTIFS('Bereketli Satış'!$D:$D,D6,'Bereketli Satış'!$E:$E,E6,'Bereketli Satış'!$F:$F,F6,'Bereketli Satış'!$M:$M,$O$4) -> 0 | P6: =COUNTIFS('Bereketli Satış'!$D:$D,D6,'Bereketli Satış'!$E:$E,E6,'Bereketli Satış'!$F:$F,F6,'Bereketli Satış'!$M:$M,$P$4) -> 0 | Q6: =COUNTIFS('Bereketli Satış'!$D:$D,D6,'Bereketli Satış'!$E:$E,E6,'Bereketli Satış'!$F:$F,F6,'Bereketli Satış'!$M:$M,$Q$4) -> 0 | R6: =COUNTIFS('Bereketli Satış'!$D:$D,D6,'Bereketli Satış'!$E:$E,E6,'Bereketli Satış'!$F:$F,F6,'Bereketli Satış'!$M:$M,$R$4) -> 0 | S6: =COUNTIFS('Bereketli Satış'!$D:$D,D6,'Bereketli Satış'!$E:$E,E6,'Bereketli Satış'!$F:$F,F6,'Bereketli Satış'!$M:$M,$S$4) -> 0 | T6: =COUNTIFS('Bereketli Satış'!$D:$D,D6,'Bereketli Satış'!$E:$E,E6,'Bereketli Satış'!$F:$F,F6,'Bereketli Satış'!$M:$M,$T$4) -> 0 | U6: =COUNTIFS('Bereketli Satış'!$D:$D,D6,'Bereketli Satış'!$E:$E,E6,'Bereketli Satış'!$F:$F,F6,'Bereketli Satış'!$M:$M,$U$4) -> 1 | V6: =COUNTIFS('Bereketli Satış'!$D:$D,D6,'Bereketli Satış'!$E:$E,E6,'Bereketli Satış'!$F:$F,F6,'Bereketli Satış'!$M:$M,$V$4) -> 0 | W6: =SUM(N6:V6) -> 1 | AB6: =IF(M6=W6,"Uygun","Verilerde Hata Var") -> Uygun | AL6: Adet / Oran
D7: ANTALYA | E7: FİNİKE | F7: KARŞIYAKA | G7: =COUNTIFS('Bereketli Satış'!D:D,D7,'Bereketli Satış'!$E:$E,E7,'Bereketli Satış'!$F:$F,F7) -> 1 | H7: =COUNTIFS('Bereketli Satış'!$D:$D,D7,'Bereketli Satış'!$E:$E,E7,'Bereketli Satış'!$F:$F,F7,'Bereketli Satış'!$L:$L,$H$4) -> 0 | I7: =COUNTIFS('Bereketli Satış'!$D:$D,D7,'Bereketli Satış'!$E:$E,E7,'Bereketli Satış'!$F:$F,F7,'Bereketli Satış'!$L:$L,$I$4) -> 0 | J7: =COUNTIFS('Bereketli Satış'!$D:$D,D7,'Bereketli Satış'!$E:$E,E7,'Bereketli Satış'!$F:$F,F7,'Bereketli Satış'!$L:$L,$J$4) -> 0 | K7: =COUNTIFS('Bereketli Satış'!$D:$D,D7,'Bereketli Satış'!$E:$E,E7,'Bereketli Satış'!$F:$F,F7,'Bereketli Satış'!$L:$L,$K$4) -> 0 | L7: =COUNTIFS('Bereketli Satış'!$D:$D,D7,'Bereketli Satış'!$E:$E,E7,'Bereketli Satış'!$F:$F,F7,'Bereketli Satış'!$L:$L,$L$4) -> 1 | M7: =SUM(H7:L7) -> 1 | N7: =COUNTIFS('Bereketli Satış'!$D:$D,D7,'Bereketli Satış'!$E:$E,E7,'Bereketli Satış'!$F:$F,F7,'Bereketli Satış'!$M:$M,$N$4) -> 0 | O7: =COUNTIFS('Bereketli Satış'!$D:$D,D7,'Bereketli Satış'!$E:$E,E7,'Bereketli Satış'!$F:$F,F7,'Bereketli Satış'!$M:$M,$O$4) -> 0 | P7: =COUNTIFS('Bereketli Satış'!$D:$D,D7,'Bereketli Satış'!$E:$E,E7,'Bereketli Satış'!$F:$F,F7,'Bereketli Satış'!$M:$M,$P$4) -> 0 | Q7: =COUNTIFS('Bereketli Satış'!$D:$D,D7,'Bereketli Satış'!$E:$E,E7,'Bereketli Satış'!$F:$F,F7,'Bereketli Satış'!$M:$M,$Q$4) -> 0 | R7: =COUNTIFS('Bereketli Satış'!$D:$D,D7,'Bereketli Satış'!$E:$E,E7,'Bereketli Satış'!$F:$F,F7,'Bereketli Satış'!$M:$M,$R$4) -> 0 | S7: =COUNTIFS('Bereketli Satış'!$D:$D,D7,'Bereketli Satış'!$E:$E,E7,'Bereketli Satış'!$F:$F,F7,'Bereketli Satış'!$M:$M,$S$4) -> 1 | T7: =COUNTIFS('Bereketli Satış'!$D:$D,D7,'Bereketli Satış'!$E:$E,E7,'Bereketli Satış'!$F:$F,F7,'Bereketli Satış'!$M:$M,$T$4) -> 0 | U7: =COUNTIFS('Bereketli Satış'!$D:$D,D7,'Bereketli Satış'!$E:$E,E7,'Bereketli Satış'!$F:$F,F7,'Bereketli Satış'!$M:$M,$U$4) -> 0 | V7: =COUNTIFS('Bereketli Satış'!$D:$D,D7,'Bereketli Satış'!$E:$E,E7,'Bereketli Satış'!$F:$F,F7,'Bereketli Satış'!$M:$M,$V$4) -> 0 | W7: =SUM(N7:V7) -> 1 | AB7: =IF(M7=W7,"Uygun","Verilerde Hata Var") -> Uygun | AE7: BEREKETLİ TOPRAKLAR STOKTA + REZERVE + STOKTA İPOTEKLİ | AL7: =N73+Q73+S73 -> 14
D8: AYDIN | E8: GERMENCİK | F8: CAMİKEBİR | G8: =COUNTIFS('Bereketli Satış'!D:D,D8,'Bereketli Satış'!$E:$E,E8,'Bereketli Satış'!$F:$F,F8) -> 1 | H8: =COUNTIFS('Bereketli Satış'!$D:$D,D8,'Bereketli Satış'!$E:$E,E8,'Bereketli Satış'!$F:$F,F8,'Bereketli Satış'!$L:$L,$H$4) -> 1 | I8: =COUNTIFS('Bereketli Satış'!$D:$D,D8,'Bereketli Satış'!$E:$E,E8,'Bereketli Satış'!$F:$F,F8,'Bereketli Satış'!$L:$L,$I$4) -> 0 | J8: =COUNTIFS('Bereketli Satış'!$D:$D,D8,'Bereketli Satış'!$E:$E,E8,'Bereketli Satış'!$F:$F,F8,'Bereketli Satış'!$L:$L,$J$4) -> 0 | K8: =COUNTIFS('Bereketli Satış'!$D:$D,D8,'Bereketli Satış'!$E:$E,E8,'Bereketli Satış'!$F:$F,F8,'Bereketli Satış'!$L:$L,$K$4) -> 0 | L8: =COUNTIFS('Bereketli Satış'!$D:$D,D8,'Bereketli Satış'!$E:$E,E8,'Bereketli Satış'!$F:$F,F8,'Bereketli Satış'!$L:$L,$L$4) -> 0 | M8: =SUM(H8:L8) -> 1 | N8: =COUNTIFS('Bereketli Satış'!$D:$D,D8,'Bereketli Satış'!$E:$E,E8,'Bereketli Satış'!$F:$F,F8,'Bereketli Satış'!$M:$M,$N$4) -> 0 | O8: =COUNTIFS('Bereketli Satış'!$D:$D,D8,'Bereketli Satış'!$E:$E,E8,'Bereketli Satış'!$F:$F,F8,'Bereketli Satış'!$M:$M,$O$4) -> 0 | P8: =COUNTIFS('Bereketli Satış'!$D:$D,D8,'Bereketli Satış'!$E:$E,E8,'Bereketli Satış'!$F:$F,F8,'Bereketli Satış'!$M:$M,$P$4) -> 0 | Q8: =COUNTIFS('Bereketli Satış'!$D:$D,D8,'Bereketli Satış'!$E:$E,E8,'Bereketli Satış'!$F:$F,F8,'Bereketli Satış'!$M:$M,$Q$4) -> 0 | R8: =COUNTIFS('Bereketli Satış'!$D:$D,D8,'Bereketli Satış'!$E:$E,E8,'Bereketli Satış'!$F:$F,F8,'Bereketli Satış'!$M:$M,$R$4) -> 0 | S8: =COUNTIFS('Bereketli Satış'!$D:$D,D8,'Bereketli Satış'!$E:$E,E8,'Bereketli Satış'!$F:$F,F8,'Bereketli Satış'!$M:$M,$S$4) -> 1 | T8: =COUNTIFS('Bereketli Satış'!$D:$D,D8,'Bereketli Satış'!$E:$E,E8,'Bereketli Satış'!$F:$F,F8,'Bereketli Satış'!$M:$M,$T$4) -> 0 | U8: =COUNTIFS('Bereketli Satış'!$D:$D,D8,'Bereketli Satış'!$E:$E,E8,'Bereketli Satış'!$F:$F,F8,'Bereketli Satış'!$M:$M,$U$4) -> 0 | V8: =COUNTIFS('Bereketli Satış'!$D:$D,D8,'Bereketli Satış'!$E:$E,E8,'Bereketli Satış'!$F:$F,F8,'Bereketli Satış'!$M:$M,$V$4) -> 0 | W8: =SUM(N8:V8) -> 1 | AB8: =IF(M8=W8,"Uygun","Verilerde Hata Var") -> Uygun | AE8: (MÜŞTERİ YERLERİ ) KONSİNYE +SATILDI/2. SATIŞTA + SATILDI/BÖLÜNDÜ/2.SATIŞTA + MÜŞTERİ YERİ | AL8: =O73+P73+R73+T73 -> 22
D9: AYDIN | E9: YENİPAZAR | F9: ALHAN | G9: =COUNTIFS('Bereketli Satış'!D:D,D9,'Bereketli Satış'!$E:$E,E9,'Bereketli Satış'!$F:$F,F9) -> 1 | H9: =COUNTIFS('Bereketli Satış'!$D:$D,D9,'Bereketli Satış'!$E:$E,E9,'Bereketli Satış'!$F:$F,F9,'Bereketli Satış'!$L:$L,$H$4) -> 1 | I9: =COUNTIFS('Bereketli Satış'!$D:$D,D9,'Bereketli Satış'!$E:$E,E9,'Bereketli Satış'!$F:$F,F9,'Bereketli Satış'!$L:$L,$I$4) -> 0 | J9: =COUNTIFS('Bereketli Satış'!$D:$D,D9,'Bereketli Satış'!$E:$E,E9,'Bereketli Satış'!$F:$F,F9,'Bereketli Satış'!$L:$L,$J$4) -> 0 | K9: =COUNTIFS('Bereketli Satış'!$D:$D,D9,'Bereketli Satış'!$E:$E,E9,'Bereketli Satış'!$F:$F,F9,'Bereketli Satış'!$L:$L,$K$4) -> 0 | L9: =COUNTIFS('Bereketli Satış'!$D:$D,D9,'Bereketli Satış'!$E:$E,E9,'Bereketli Satış'!$F:$F,F9,'Bereketli Satış'!$L:$L,$L$4) -> 0 | M9: =SUM(H9:L9) -> 1 | N9: =COUNTIFS('Bereketli Satış'!$D:$D,D9,'Bereketli Satış'!$E:$E,E9,'Bereketli Satış'!$F:$F,F9,'Bereketli Satış'!$M:$M,$N$4) -> 0 | O9: =COUNTIFS('Bereketli Satış'!$D:$D,D9,'Bereketli Satış'!$E:$E,E9,'Bereketli Satış'!$F:$F,F9,'Bereketli Satış'!$M:$M,$O$4) -> 0 | P9: =COUNTIFS('Bereketli Satış'!$D:$D,D9,'Bereketli Satış'!$E:$E,E9,'Bereketli Satış'!$F:$F,F9,'Bereketli Satış'!$M:$M,$P$4) -> 1 | Q9: =COUNTIFS('Bereketli Satış'!$D:$D,D9,'Bereketli Satış'!$E:$E,E9,'Bereketli Satış'!$F:$F,F9,'Bereketli Satış'!$M:$M,$Q$4) -> 0 | R9: =COUNTIFS('Bereketli Satış'!$D:$D,D9,'Bereketli Satış'!$E:$E,E9,'Bereketli Satış'!$F:$F,F9,'Bereketli Satış'!$M:$M,$R$4) -> 0 | S9: =COUNTIFS('Bereketli Satış'!$D:$D,D9,'Bereketli Satış'!$E:$E,E9,'Bereketli Satış'!$F:$F,F9,'Bereketli Satış'!$M:$M,$S$4) -> 0 | T9: =COUNTIFS('Bereketli Satış'!$D:$D,D9,'Bereketli Satış'!$E:$E,E9,'Bereketli Satış'!$F:$F,F9,'Bereketli Satış'!$M:$M,$T$4) -> 0 | U9: =COUNTIFS('Bereketli Satış'!$D:$D,D9,'Bereketli Satış'!$E:$E,E9,'Bereketli Satış'!$F:$F,F9,'Bereketli Satış'!$M:$M,$U$4) -> 0 | V9: =COUNTIFS('Bereketli Satış'!$D:$D,D9,'Bereketli Satış'!$E:$E,E9,'Bereketli Satış'!$F:$F,F9,'Bereketli Satış'!$M:$M,$V$4) -> 0 | W9: =SUM(N9:V9) -> 1 | AB9: =IF(M9=W9,"Uygun","Verilerde Hata Var") -> Uygun | AE9: STOK /Müşteri Yerleri Oran İş Yükü | AL9: =AL8/AL7 -> 1.5714286
D10: ESKİŞEHİR | E10: MİHALIÇÇIK | F10: CAMİKEBİR | G10: =COUNTIFS('Bereketli Satış'!D:D,D10,'Bereketli Satış'!$E:$E,E10,'Bereketli Satış'!$F:$F,F10) -> 1 | H10: =COUNTIFS('Bereketli Satış'!$D:$D,D10,'Bereketli Satış'!$E:$E,E10,'Bereketli Satış'!$F:$F,F10,'Bereketli Satış'!$L:$L,$H$4) -> 1 | I10: =COUNTIFS('Bereketli Satış'!$D:$D,D10,'Bereketli Satış'!$E:$E,E10,'Bereketli Satış'!$F:$F,F10,'Bereketli Satış'!$L:$L,$I$4) -> 0 | J10: =COUNTIFS('Bereketli Satış'!$D:$D,D10,'Bereketli Satış'!$E:$E,E10,'Bereketli Satış'!$F:$F,F10,'Bereketli Satış'!$L:$L,$J$4) -> 0 | K10: =COUNTIFS('Bereketli Satış'!$D:$D,D10,'Bereketli Satış'!$E:$E,E10,'Bereketli Satış'!$F:$F,F10,'Bereketli Satış'!$L:$L,$K$4) -> 0 | L10: =COUNTIFS('Bereketli Satış'!$D:$D,D10,'Bereketli Satış'!$E:$E,E10,'Bereketli Satış'!$F:$F,F10,'Bereketli Satış'!$L:$L,$L$4) -> 0 | M10: =SUM(H10:L10) -> 1 | N10: =COUNTIFS('Bereketli Satış'!$D:$D,D10,'Bereketli Satış'!$E:$E,E10,'Bereketli Satış'!$F:$F,F10,'Bereketli Satış'!$M:$M,$N$4) -> 0 | O10: =COUNTIFS('Bereketli Satış'!$D:$D,D10,'Bereketli Satış'!$E:$E,E10,'Bereketli Satış'!$F:$F,F10,'Bereketli Satış'!$M:$M,$O$4) -> 0 | P10: =COUNTIFS('Bereketli Satış'!$D:$D,D10,'Bereketli Satış'!$E:$E,E10,'Bereketli Satış'!$F:$F,F10,'Bereketli Satış'!$M:$M,$P$4) -> 0 | Q10: =COUNTIFS('Bereketli Satış'!$D:$D,D10,'Bereketli Satış'!$E:$E,E10,'Bereketli Satış'!$F:$F,F10,'Bereketli Satış'!$M:$M,$Q$4) -> 0 | R10: =COUNTIFS('Bereketli Satış'!$D:$D,D10,'Bereketli Satış'!$E:$E,E10,'Bereketli Satış'!$F:$F,F10,'Bereketli Satış'!$M:$M,$R$4) -> 0 | S10: =COUNTIFS('Bereketli Satış'!$D:$D,D10,'Bereketli Satış'!$E:$E,E10,'Bereketli Satış'!$F:$F,F10,'Bereketli Satış'!$M:$M,$S$4) -> 0 | T10: =COUNTIFS('Bereketli Satış'!$D:$D,D10,'Bereketli Satış'!$E:$E,E10,'Bereketli Satış'!$F:$F,F10,'Bereketli Satış'!$M:$M,$T$4) -> 0 | U10: =COUNTIFS('Bereketli Satış'!$D:$D,D10,'Bereketli Satış'!$E:$E,E10,'Bereketli Satış'!$F:$F,F10,'Bereketli Satış'!$M:$M,$U$4) -> 1 | V10: =COUNTIFS('Bereketli Satış'!$D:$D,D10,'Bereketli Satış'!$E:$E,E10,'Bereketli Satış'!$F:$F,F10,'Bereketli Satış'!$M:$M,$V$4) -> 0 | W10: =SUM(N10:V10) -> 1 | AB10: =IF(M10=W10,"Uygun","Verilerde Hata Var") -> Uygun
D11: KÜTAHYA | E11: MERKEZ | F11: SEYİTLER | G11: =COUNTIFS('Bereketli Satış'!D:D,D11,'Bereketli Satış'!$E:$E,E11,'Bereketli Satış'!$F:$F,F11) -> 1 | H11: =COUNTIFS('Bereketli Satış'!$D:$D,D11,'Bereketli Satış'!$E:$E,E11,'Bereketli Satış'!$F:$F,F11,'Bereketli Satış'!$L:$L,$H$4) -> 0 | I11: =COUNTIFS('Bereketli Satış'!$D:$D,D11,'Bereketli Satış'!$E:$E,E11,'Bereketli Satış'!$F:$F,F11,'Bereketli Satış'!$L:$L,$I$4) -> 0 | J11: =COUNTIFS('Bereketli Satış'!$D:$D,D11,'Bereketli Satış'!$E:$E,E11,'Bereketli Satış'!$F:$F,F11,'Bereketli Satış'!$L:$L,$J$4) -> 0 | K11: =COUNTIFS('Bereketli Satış'!$D:$D,D11,'Bereketli Satış'!$E:$E,E11,'Bereketli Satış'!$F:$F,F11,'Bereketli Satış'!$L:$L,$K$4) -> 0 | L11: =COUNTIFS('Bereketli Satış'!$D:$D,D11,'Bereketli Satış'!$E:$E,E11,'Bereketli Satış'!$F:$F,F11,'Bereketli Satış'!$L:$L,$L$4) -> 1 | M11: =SUM(H11:L11) -> 1 | N11: =COUNTIFS('Bereketli Satış'!$D:$D,D11,'Bereketli Satış'!$E:$E,E11,'Bereketli Satış'!$F:$F,F11,'Bereketli Satış'!$M:$M,$N$4) -> 0 | O11: =COUNTIFS('Bereketli Satış'!$D:$D,D11,'Bereketli Satış'!$E:$E,E11,'Bereketli Satış'!$F:$F,F11,'Bereketli Satış'!$M:$M,$O$4) -> 0 | P11: =COUNTIFS('Bereketli Satış'!$D:$D,D11,'Bereketli Satış'!$E:$E,E11,'Bereketli Satış'!$F:$F,F11,'Bereketli Satış'!$M:$M,$P$4) -> 0 | Q11: =COUNTIFS('Bereketli Satış'!$D:$D,D11,'Bereketli Satış'!$E:$E,E11,'Bereketli Satış'!$F:$F,F11,'Bereketli Satış'!$M:$M,$Q$4) -> 1 | R11: =COUNTIFS('Bereketli Satış'!$D:$D,D11,'Bereketli Satış'!$E:$E,E11,'Bereketli Satış'!$F:$F,F11,'Bereketli Satış'!$M:$M,$R$4) -> 0 | S11: =COUNTIFS('Bereketli Satış'!$D:$D,D11,'Bereketli Satış'!$E:$E,E11,'Bereketli Satış'!$F:$F,F11,'Bereketli Satış'!$M:$M,$S$4) -> 0 | T11: =COUNTIFS('Bereketli Satış'!$D:$D,D11,'Bereketli Satış'!$E:$E,E11,'Bereketli Satış'!$F:$F,F11,'Bereketli Satış'!$M:$M,$T$4) -> 0 | U11: =COUNTIFS('Bereketli Satış'!$D:$D,D11,'Bereketli Satış'!$E:$E,E11,'Bereketli Satış'!$F:$F,F11,'Bereketli Satış'!$M:$M,$U$4) -> 0 | V11: =COUNTIFS('Bereketli Satış'!$D:$D,D11,'Bereketli Satış'!$E:$E,E11,'Bereketli Satış'!$F:$F,F11,'Bereketli Satış'!$M:$M,$V$4) -> 0 | W11: =SUM(N11:V11) -> 1 | AB11: =IF(M11=W11,"Uygun","Verilerde Hata Var") -> Uygun | AE11: SATIŞ KAPANDI + SATILDI | AL11: =H73+K73 -> 33
D12: KÜTAHYA | E12: MERKEZ | F12: İNKÖY | G12: =COUNTIFS('Bereketli Satış'!D:D,D12,'Bereketli Satış'!$E:$E,E12,'Bereketli Satış'!$F:$F,F12) -> 1 | H12: =COUNTIFS('Bereketli Satış'!$D:$D,D12,'Bereketli Satış'!$E:$E,E12,'Bereketli Satış'!$F:$F,F12,'Bereketli Satış'!$L:$L,$H$4) -> 0 | I12: =COUNTIFS('Bereketli Satış'!$D:$D,D12,'Bereketli Satış'!$E:$E,E12,'Bereketli Satış'!$F:$F,F12,'Bereketli Satış'!$L:$L,$I$4) -> 0 | J12: =COUNTIFS('Bereketli Satış'!$D:$D,D12,'Bereketli Satış'!$E:$E,E12,'Bereketli Satış'!$F:$F,F12,'Bereketli Satış'!$L:$L,$J$4) -> 1 | K12: =COUNTIFS('Bereketli Satış'!$D:$D,D12,'Bereketli Satış'!$E:$E,E12,'Bereketli Satış'!$F:$F,F12,'Bereketli Satış'!$L:$L,$K$4) -> 0 | L12: =COUNTIFS('Bereketli Satış'!$D:$D,D12,'Bereketli Satış'!$E:$E,E12,'Bereketli Satış'!$F:$F,F12,'Bereketli Satış'!$L:$L,$L$4) -> 0 | M12: =SUM(H12:L12) -> 1 | N12: =COUNTIFS('Bereketli Satış'!$D:$D,D12,'Bereketli Satış'!$E:$E,E12,'Bereketli Satış'!$F:$F,F12,'Bereketli Satış'!$M:$M,$N$4) -> 1 | O12: =COUNTIFS('Bereketli Satış'!$D:$D,D12,'Bereketli Satış'!$E:$E,E12,'Bereketli Satış'!$F:$F,F12,'Bereketli Satış'!$M:$M,$O$4) -> 0 | P12: =COUNTIFS('Bereketli Satış'!$D:$D,D12,'Bereketli Satış'!$E:$E,E12,'Bereketli Satış'!$F:$F,F12,'Bereketli Satış'!$M:$M,$P$4) -> 0 | Q12: =COUNTIFS('Bereketli Satış'!$D:$D,D12,'Bereketli Satış'!$E:$E,E12,'Bereketli Satış'!$F:$F,F12,'Bereketli Satış'!$M:$M,$Q$4) -> 0 | R12: =COUNTIFS('Bereketli Satış'!$D:$D,D12,'Bereketli Satış'!$E:$E,E12,'Bereketli Satış'!$F:$F,F12,'Bereketli Satış'!$M:$M,$R$4) -> 0 | S12: =COUNTIFS('Bereketli Satış'!$D:$D,D12,'Bereketli Satış'!$E:$E,E12,'Bereketli Satış'!$F:$F,F12,'Bereketli Satış'!$M:$M,$S$4) -> 0 | T12: =COUNTIFS('Bereketli Satış'!$D:$D,D12,'Bereketli Satış'!$E:$E,E12,'Bereketli Satış'!$F:$F,F12,'Bereketli Satış'!$M:$M,$T$4) -> 0 | U12: =COUNTIFS('Bereketli Satış'!$D:$D,D12,'Bereketli Satış'!$E:$E,E12,'Bereketli Satış'!$F:$F,F12,'Bereketli Satış'!$M:$M,$U$4) -> 0 | V12: =COUNTIFS('Bereketli Satış'!$D:$D,D12,'Bereketli Satış'!$E:$E,E12,'Bereketli Satış'!$F:$F,F12,'Bereketli Satış'!$M:$M,$V$4) -> 0 | W12: =SUM(N12:V12) -> 1 | AB12: =IF(M12=W12,"Uygun","Verilerde Hata Var") -> Uygun
D13: İZMİR | E13: DİKİLİ | F13: İSLAMLAR | G13: =COUNTIFS('Bereketli Satış'!D:D,D13,'Bereketli Satış'!$E:$E,E13,'Bereketli Satış'!$F:$F,F13) -> 1 | H13: =COUNTIFS('Bereketli Satış'!$D:$D,D13,'Bereketli Satış'!$E:$E,E13,'Bereketli Satış'!$F:$F,F13,'Bereketli Satış'!$L:$L,$H$4) -> 0 | I13: =COUNTIFS('Bereketli Satış'!$D:$D,D13,'Bereketli Satış'!$E:$E,E13,'Bereketli Satış'!$F:$F,F13,'Bereketli Satış'!$L:$L,$I$4) -> 1 | J13: =COUNTIFS('Bereketli Satış'!$D:$D,D13,'Bereketli Satış'!$E:$E,E13,'Bereketli Satış'!$F:$F,F13,'Bereketli Satış'!$L:$L,$J$4) -> 0 | K13: =COUNTIFS('Bereketli Satış'!$D:$D,D13,'Bereketli Satış'!$E:$E,E13,'Bereketli Satış'!$F:$F,F13,'Bereketli Satış'!$L:$L,$K$4) -> 0 | L13: =COUNTIFS('Bereketli Satış'!$D:$D,D13,'Bereketli Satış'!$E:$E,E13,'Bereketli Satış'!$F:$F,F13,'Bereketli Satış'!$L:$L,$L$4) -> 0 | M13: =SUM(H13:L13) -> 1 | N13: =COUNTIFS('Bereketli Satış'!$D:$D,D13,'Bereketli Satış'!$E:$E,E13,'Bereketli Satış'!$F:$F,F13,'Bereketli Satış'!$M:$M,$N$4) -> 0 | O13: =COUNTIFS('Bereketli Satış'!$D:$D,D13,'Bereketli Satış'!$E:$E,E13,'Bereketli Satış'!$F:$F,F13,'Bereketli Satış'!$M:$M,$O$4) -> 0 | P13: =COUNTIFS('Bereketli Satış'!$D:$D,D13,'Bereketli Satış'!$E:$E,E13,'Bereketli Satış'!$F:$F,F13,'Bereketli Satış'!$M:$M,$P$4) -> 0 | Q13: =COUNTIFS('Bereketli Satış'!$D:$D,D13,'Bereketli Satış'!$E:$E,E13,'Bereketli Satış'!$F:$F,F13,'Bereketli Satış'!$M:$M,$Q$4) -> 0 | R13: =COUNTIFS('Bereketli Satış'!$D:$D,D13,'Bereketli Satış'!$E:$E,E13,'Bereketli Satış'!$F:$F,F13,'Bereketli Satış'!$M:$M,$R$4) -> 0 | S13: =COUNTIFS('Bereketli Satış'!$D:$D,D13,'Bereketli Satış'!$E:$E,E13,'Bereketli Satış'!$F:$F,F13,'Bereketli Satış'!$M:$M,$S$4) -> 1 | T13: =COUNTIFS('Bereketli Satış'!$D:$D,D13,'Bereketli Satış'!$E:$E,E13,'Bereketli Satış'!$F:$F,F13,'Bereketli Satış'!$M:$M,$T$4) -> 0 | U13: =COUNTIFS('Bereketli Satış'!$D:$D,D13,'Bereketli Satış'!$E:$E,E13,'Bereketli Satış'!$F:$F,F13,'Bereketli Satış'!$M:$M,$U$4) -> 0 | V13: =COUNTIFS('Bereketli Satış'!$D:$D,D13,'Bereketli Satış'!$E:$E,E13,'Bereketli Satış'!$F:$F,F13,'Bereketli Satış'!$M:$M,$V$4) -> 0 | W13: =SUM(N13:V13) -> 1 | AB13: =IF(M13=W13,"Uygun","Verilerde Hata Var") -> Uygun | AE13: SATILACAK | AL13: =G74-AL11 -> 34
D14: İZMİR | E14: DİKİLİ | F14: KATIRALANI | G14: =COUNTIFS('Bereketli Satış'!D:D,D14,'Bereketli Satış'!$E:$E,E14,'Bereketli Satış'!$F:$F,F14) -> 1 | H14: =COUNTIFS('Bereketli Satış'!$D:$D,D14,'Bereketli Satış'!$E:$E,E14,'Bereketli Satış'!$F:$F,F14,'Bereketli Satış'!$L:$L,$H$4) -> 1 | I14: =COUNTIFS('Bereketli Satış'!$D:$D,D14,'Bereketli Satış'!$E:$E,E14,'Bereketli Satış'!$F:$F,F14,'Bereketli Satış'!$L:$L,$I$4) -> 0 | J14: =COUNTIFS('Bereketli Satış'!$D:$D,D14,'Bereketli Satış'!$E:$E,E14,'Bereketli Satış'!$F:$F,F14,'Bereketli Satış'!$L:$L,$J$4) -> 0 | K14: =COUNTIFS('Bereketli Satış'!$D:$D,D14,'Bereketli Satış'!$E:$E,E14,'Bereketli Satış'!$F:$F,F14,'Bereketli Satış'!$L:$L,$K$4) -> 0 | L14: =COUNTIFS('Bereketli Satış'!$D:$D,D14,'Bereketli Satış'!$E:$E,E14,'Bereketli Satış'!$F:$F,F14,'Bereketli Satış'!$L:$L,$L$4) -> 0 | M14: =SUM(H14:L14) -> 1 | N14: =COUNTIFS('Bereketli Satış'!$D:$D,D14,'Bereketli Satış'!$E:$E,E14,'Bereketli Satış'!$F:$F,F14,'Bereketli Satış'!$M:$M,$N$4) -> 0 | O14: =COUNTIFS('Bereketli Satış'!$D:$D,D14,'Bereketli Satış'!$E:$E,E14,'Bereketli Satış'!$F:$F,F14,'Bereketli Satış'!$M:$M,$O$4) -> 0 | P14: =COUNTIFS('Bereketli Satış'!$D:$D,D14,'Bereketli Satış'!$E:$E,E14,'Bereketli Satış'!$F:$F,F14,'Bereketli Satış'!$M:$M,$P$4) -> 0 | Q14: =COUNTIFS('Bereketli Satış'!$D:$D,D14,'Bereketli Satış'!$E:$E,E14,'Bereketli Satış'!$F:$F,F14,'Bereketli Satış'!$M:$M,$Q$4) -> 0 | R14: =COUNTIFS('Bereketli Satış'!$D:$D,D14,'Bereketli Satış'!$E:$E,E14,'Bereketli Satış'!$F:$F,F14,'Bereketli Satış'!$M:$M,$R$4) -> 0 | S14: =COUNTIFS('Bereketli Satış'!$D:$D,D14,'Bereketli Satış'!$E:$E,E14,'Bereketli Satış'!$F:$F,F14,'Bereketli Satış'!$M:$M,$S$4) -> 0 | T14: =COUNTIFS('Bereketli Satış'!$D:$D,D14,'Bereketli Satış'!$E:$E,E14,'Bereketli Satış'!$F:$F,F14,'Bereketli Satış'!$M:$M,$T$4) -> 0 | U14: =COUNTIFS('Bereketli Satış'!$D:$D,D14,'Bereketli Satış'!$E:$E,E14,'Bereketli Satış'!$F:$F,F14,'Bereketli Satış'!$M:$M,$U$4) -> 1 | V14: =COUNTIFS('Bereketli Satış'!$D:$D,D14,'Bereketli Satış'!$E:$E,E14,'Bereketli Satış'!$F:$F,F14,'Bereketli Satış'!$M:$M,$V$4) -> 0 | W14: =SUM(N14:V14) -> 1 | AB14: =IF(M14=W14,"Uygun","Verilerde Hata Var") -> Uygun | AE14: Bereketli Topraklar | AL14: =AL7 -> 14
D15: BURSA | E15: NİLÜFER | F15: DAĞYENİCE | G15: =COUNTIFS('Bereketli Satış'!D:D,D15,'Bereketli Satış'!$E:$E,E15,'Bereketli Satış'!$F:$F,F15) -> 1 | H15: =COUNTIFS('Bereketli Satış'!$D:$D,D15,'Bereketli Satış'!$E:$E,E15,'Bereketli Satış'!$F:$F,F15,'Bereketli Satış'!$L:$L,$H$4) -> 0 | I15: =COUNTIFS('Bereketli Satış'!$D:$D,D15,'Bereketli Satış'!$E:$E,E15,'Bereketli Satış'!$F:$F,F15,'Bereketli Satış'!$L:$L,$I$4) -> 1 | J15: =COUNTIFS('Bereketli Satış'!$D:$D,D15,'Bereketli Satış'!$E:$E,E15,'Bereketli Satış'!$F:$F,F15,'Bereketli Satış'!$L:$L,$J$4) -> 0 | K15: =COUNTIFS('Bereketli Satış'!$D:$D,D15,'Bereketli Satış'!$E:$E,E15,'Bereketli Satış'!$F:$F,F15,'Bereketli Satış'!$L:$L,$K$4) -> 0 | L15: =COUNTIFS('Bereketli Satış'!$D:$D,D15,'Bereketli Satış'!$E:$E,E15,'Bereketli Satış'!$F:$F,F15,'Bereketli Satış'!$L:$L,$L$4) -> 0 | M15: =SUM(H15:L15) -> 1 | N15: =COUNTIFS('Bereketli Satış'!$D:$D,D15,'Bereketli Satış'!$E:$E,E15,'Bereketli Satış'!$F:$F,F15,'Bereketli Satış'!$M:$M,$N$4) -> 0 | O15: =COUNTIFS('Bereketli Satış'!$D:$D,D15,'Bereketli Satış'!$E:$E,E15,'Bereketli Satış'!$F:$F,F15,'Bereketli Satış'!$M:$M,$O$4) -> 0 | P15: =COUNTIFS('Bereketli Satış'!$D:$D,D15,'Bereketli Satış'!$E:$E,E15,'Bereketli Satış'!$F:$F,F15,'Bereketli Satış'!$M:$M,$P$4) -> 0 | Q15: =COUNTIFS('Bereketli Satış'!$D:$D,D15,'Bereketli Satış'!$E:$E,E15,'Bereketli Satış'!$F:$F,F15,'Bereketli Satış'!$M:$M,$Q$4) -> 0 | R15: =COUNTIFS('Bereketli Satış'!$D:$D,D15,'Bereketli Satış'!$E:$E,E15,'Bereketli Satış'!$F:$F,F15,'Bereketli Satış'!$M:$M,$R$4) -> 0 | S15: =COUNTIFS('Bereketli Satış'!$D:$D,D15,'Bereketli Satış'!$E:$E,E15,'Bereketli Satış'!$F:$F,F15,'Bereketli Satış'!$M:$M,$S$4) -> 0 | T15: =COUNTIFS('Bereketli Satış'!$D:$D,D15,'Bereketli Satış'!$E:$E,E15,'Bereketli Satış'!$F:$F,F15,'Bereketli Satış'!$M:$M,$T$4) -> 1 | U15: =COUNTIFS('Bereketli Satış'!$D:$D,D15,'Bereketli Satış'!$E:$E,E15,'Bereketli Satış'!$F:$F,F15,'Bereketli Satış'!$M:$M,$U$4) -> 0 | V15: =COUNTIFS('Bereketli Satış'!$D:$D,D15,'Bereketli Satış'!$E:$E,E15,'Bereketli Satış'!$F:$F,F15,'Bereketli Satış'!$M:$M,$V$4) -> 0 | W15: =SUM(N15:V15) -> 1 | AB15: =IF(M15=W15,"Uygun","Verilerde Hata Var") -> Uygun | AE15: Müşreri Yeri | AL15: =AL8 -> 22
D16: BURSA | E16: NİLÜFER | F16: KAYAPA | G16: =COUNTIFS('Bereketli Satış'!D:D,D16,'Bereketli Satış'!$E:$E,E16,'Bereketli Satış'!$F:$F,F16) -> 1 | H16: =COUNTIFS('Bereketli Satış'!$D:$D,D16,'Bereketli Satış'!$E:$E,E16,'Bereketli Satış'!$F:$F,F16,'Bereketli Satış'!$L:$L,$H$4) -> 0 | I16: =COUNTIFS('Bereketli Satış'!$D:$D,D16,'Bereketli Satış'!$E:$E,E16,'Bereketli Satış'!$F:$F,F16,'Bereketli Satış'!$L:$L,$I$4) -> 0 | J16: =COUNTIFS('Bereketli Satış'!$D:$D,D16,'Bereketli Satış'!$E:$E,E16,'Bereketli Satış'!$F:$F,F16,'Bereketli Satış'!$L:$L,$J$4) -> 0 | K16: =COUNTIFS('Bereketli Satış'!$D:$D,D16,'Bereketli Satış'!$E:$E,E16,'Bereketli Satış'!$F:$F,F16,'Bereketli Satış'!$L:$L,$K$4) -> 0 | L16: =COUNTIFS('Bereketli Satış'!$D:$D,D16,'Bereketli Satış'!$E:$E,E16,'Bereketli Satış'!$F:$F,F16,'Bereketli Satış'!$L:$L,$L$4) -> 1 | M16: =SUM(H16:L16) -> 1 | N16: =COUNTIFS('Bereketli Satış'!$D:$D,D16,'Bereketli Satış'!$E:$E,E16,'Bereketli Satış'!$F:$F,F16,'Bereketli Satış'!$M:$M,$N$4) -> 0 | O16: =COUNTIFS('Bereketli Satış'!$D:$D,D16,'Bereketli Satış'!$E:$E,E16,'Bereketli Satış'!$F:$F,F16,'Bereketli Satış'!$M:$M,$O$4) -> 0 | P16: =COUNTIFS('Bereketli Satış'!$D:$D,D16,'Bereketli Satış'!$E:$E,E16,'Bereketli Satış'!$F:$F,F16,'Bereketli Satış'!$M:$M,$P$4) -> 0 | Q16: =COUNTIFS('Bereketli Satış'!$D:$D,D16,'Bereketli Satış'!$E:$E,E16,'Bereketli Satış'!$F:$F,F16,'Bereketli Satış'!$M:$M,$Q$4) -> 0 | R16: =COUNTIFS('Bereketli Satış'!$D:$D,D16,'Bereketli Satış'!$E:$E,E16,'Bereketli Satış'!$F:$F,F16,'Bereketli Satış'!$M:$M,$R$4) -> 0 | S16: =COUNTIFS('Bereketli Satış'!$D:$D,D16,'Bereketli Satış'!$E:$E,E16,'Bereketli Satış'!$F:$F,F16,'Bereketli Satış'!$M:$M,$S$4) -> 1 | T16: =COUNTIFS('Bereketli Satış'!$D:$D,D16,'Bereketli Satış'!$E:$E,E16,'Bereketli Satış'!$F:$F,F16,'Bereketli Satış'!$M:$M,$T$4) -> 0 | U16: =COUNTIFS('Bereketli Satış'!$D:$D,D16,'Bereketli Satış'!$E:$E,E16,'Bereketli Satış'!$F:$F,F16,'Bereketli Satış'!$M:$M,$U$4) -> 0 | V16: =COUNTIFS('Bereketli Satış'!$D:$D,D16,'Bereketli Satış'!$E:$E,E16,'Bereketli Satış'!$F:$F,F16,'Bereketli Satış'!$M:$M,$V$4) -> 0 | W16: =SUM(N16:V16) -> 1 | AB16: =IF(M16=W16,"Uygun","Verilerde Hata Var") -> Uygun
D17: BURSA | E17: ORHANGAZİ | F17: GEDELEK | G17: =COUNTIFS('Bereketli Satış'!D:D,D17,'Bereketli Satış'!$E:$E,E17,'Bereketli Satış'!$F:$F,F17) -> 1 | H17: =COUNTIFS('Bereketli Satış'!$D:$D,D17,'Bereketli Satış'!$E:$E,E17,'Bereketli Satış'!$F:$F,F17,'Bereketli Satış'!$L:$L,$H$4) -> 1 | I17: =COUNTIFS('Bereketli Satış'!$D:$D,D17,'Bereketli Satış'!$E:$E,E17,'Bereketli Satış'!$F:$F,F17,'Bereketli Satış'!$L:$L,$I$4) -> 0 | J17: =COUNTIFS('Bereketli Satış'!$D:$D,D17,'Bereketli Satış'!$E:$E,E17,'Bereketli Satış'!$F:$F,F17,'Bereketli Satış'!$L:$L,$J$4) -> 0 | K17: =COUNTIFS('Bereketli Satış'!$D:$D,D17,'Bereketli Satış'!$E:$E,E17,'Bereketli Satış'!$F:$F,F17,'Bereketli Satış'!$L:$L,$K$4) -> 0 | L17: =COUNTIFS('Bereketli Satış'!$D:$D,D17,'Bereketli Satış'!$E:$E,E17,'Bereketli Satış'!$F:$F,F17,'Bereketli Satış'!$L:$L,$L$4) -> 0 | M17: =SUM(H17:L17) -> 1 | N17: =COUNTIFS('Bereketli Satış'!$D:$D,D17,'Bereketli Satış'!$E:$E,E17,'Bereketli Satış'!$F:$F,F17,'Bereketli Satış'!$M:$M,$N$4) -> 0 | O17: =COUNTIFS('Bereketli Satış'!$D:$D,D17,'Bereketli Satış'!$E:$E,E17,'Bereketli Satış'!$F:$F,F17,'Bereketli Satış'!$M:$M,$O$4) -> 0 | P17: =COUNTIFS('Bereketli Satış'!$D:$D,D17,'Bereketli Satış'!$E:$E,E17,'Bereketli Satış'!$F:$F,F17,'Bereketli Satış'!$M:$M,$P$4) -> 0 | Q17: =COUNTIFS('Bereketli Satış'!$D:$D,D17,'Bereketli Satış'!$E:$E,E17,'Bereketli Satış'!$F:$F,F17,'Bereketli Satış'!$M:$M,$Q$4) -> 0 | R17: =COUNTIFS('Bereketli Satış'!$D:$D,D17,'Bereketli Satış'!$E:$E,E17,'Bereketli Satış'!$F:$F,F17,'Bereketli Satış'!$M:$M,$R$4) -> 0 | S17: =COUNTIFS('Bereketli Satış'!$D:$D,D17,'Bereketli Satış'!$E:$E,E17,'Bereketli Satış'!$F:$F,F17,'Bereketli Satış'!$M:$M,$S$4) -> 1 | T17: =COUNTIFS('Bereketli Satış'!$D:$D,D17,'Bereketli Satış'!$E:$E,E17,'Bereketli Satış'!$F:$F,F17,'Bereketli Satış'!$M:$M,$T$4) -> 0 | U17: =COUNTIFS('Bereketli Satış'!$D:$D,D17,'Bereketli Satış'!$E:$E,E17,'Bereketli Satış'!$F:$F,F17,'Bereketli Satış'!$M:$M,$U$4) -> 0 | V17: =COUNTIFS('Bereketli Satış'!$D:$D,D17,'Bereketli Satış'!$E:$E,E17,'Bereketli Satış'!$F:$F,F17,'Bereketli Satış'!$M:$M,$V$4) -> 0 | W17: =SUM(N17:V17) -> 1 | AB17: =IF(M17=W17,"Uygun","Verilerde Hata Var") -> Uygun
D18: BURSA | E18: YENİŞEHİR | F18: KARAKÖY | G18: =COUNTIFS('Bereketli Satış'!D:D,D18,'Bereketli Satış'!$E:$E,E18,'Bereketli Satış'!$F:$F,F18) -> 1 | H18: =COUNTIFS('Bereketli Satış'!$D:$D,D18,'Bereketli Satış'!$E:$E,E18,'Bereketli Satış'!$F:$F,F18,'Bereketli Satış'!$L:$L,$H$4) -> 0 | I18: =COUNTIFS('Bereketli Satış'!$D:$D,D18,'Bereketli Satış'!$E:$E,E18,'Bereketli Satış'!$F:$F,F18,'Bereketli Satış'!$L:$L,$I$4) -> 0 | J18: =COUNTIFS('Bereketli Satış'!$D:$D,D18,'Bereketli Satış'!$E:$E,E18,'Bereketli Satış'!$F:$F,F18,'Bereketli Satış'!$L:$L,$J$4) -> 0 | K18: =COUNTIFS('Bereketli Satış'!$D:$D,D18,'Bereketli Satış'!$E:$E,E18,'Bereketli Satış'!$F:$F,F18,'Bereketli Satış'!$L:$L,$K$4) -> 0 | L18: =COUNTIFS('Bereketli Satış'!$D:$D,D18,'Bereketli Satış'!$E:$E,E18,'Bereketli Satış'!$F:$F,F18,'Bereketli Satış'!$L:$L,$L$4) -> 1 | M18: =SUM(H18:L18) -> 1 | N18: =COUNTIFS('Bereketli Satış'!$D:$D,D18,'Bereketli Satış'!$E:$E,E18,'Bereketli Satış'!$F:$F,F18,'Bereketli Satış'!$M:$M,$N$4) -> 0 | O18: =COUNTIFS('Bereketli Satış'!$D:$D,D18,'Bereketli Satış'!$E:$E,E18,'Bereketli Satış'!$F:$F,F18,'Bereketli Satış'!$M:$M,$O$4) -> 0 | P18: =COUNTIFS('Bereketli Satış'!$D:$D,D18,'Bereketli Satış'!$E:$E,E18,'Bereketli Satış'!$F:$F,F18,'Bereketli Satış'!$M:$M,$P$4) -> 0 | Q18: =COUNTIFS('Bereketli Satış'!$D:$D,D18,'Bereketli Satış'!$E:$E,E18,'Bereketli Satış'!$F:$F,F18,'Bereketli Satış'!$M:$M,$Q$4) -> 0 | R18: =COUNTIFS('Bereketli Satış'!$D:$D,D18,'Bereketli Satış'!$E:$E,E18,'Bereketli Satış'!$F:$F,F18,'Bereketli Satış'!$M:$M,$R$4) -> 0 | S18: =COUNTIFS('Bereketli Satış'!$D:$D,D18,'Bereketli Satış'!$E:$E,E18,'Bereketli Satış'!$F:$F,F18,'Bereketli Satış'!$M:$M,$S$4) -> 1 | T18: =COUNTIFS('Bereketli Satış'!$D:$D,D18,'Bereketli Satış'!$E:$E,E18,'Bereketli Satış'!$F:$F,F18,'Bereketli Satış'!$M:$M,$T$4) -> 0 | U18: =COUNTIFS('Bereketli Satış'!$D:$D,D18,'Bereketli Satış'!$E:$E,E18,'Bereketli Satış'!$F:$F,F18,'Bereketli Satış'!$M:$M,$U$4) -> 0 | V18: =COUNTIFS('Bereketli Satış'!$D:$D,D18,'Bereketli Satış'!$E:$E,E18,'Bereketli Satış'!$F:$F,F18,'Bereketli Satış'!$M:$M,$V$4) -> 0 | W18: =SUM(N18:V18) -> 1 | AB18: =IF(M18=W18,"Uygun","Verilerde Hata Var") -> Uygun
D19: ÇANAKKALE | E19: BİGA | F19: ÇEŞMEALTI | G19: =COUNTIFS('Bereketli Satış'!D:D,D19,'Bereketli Satış'!$E:$E,E19,'Bereketli Satış'!$F:$F,F19) -> 1 | H19: =COUNTIFS('Bereketli Satış'!$D:$D,D19,'Bereketli Satış'!$E:$E,E19,'Bereketli Satış'!$F:$F,F19,'Bereketli Satış'!$L:$L,$H$4) -> 1 | I19: =COUNTIFS('Bereketli Satış'!$D:$D,D19,'Bereketli Satış'!$E:$E,E19,'Bereketli Satış'!$F:$F,F19,'Bereketli Satış'!$L:$L,$I$4) -> 0 | J19: =COUNTIFS('Bereketli Satış'!$D:$D,D19,'Bereketli Satış'!$E:$E,E19,'Bereketli Satış'!$F:$F,F19,'Bereketli Satış'!$L:$L,$J$4) -> 0 | K19: =COUNTIFS('Bereketli Satış'!$D:$D,D19,'Bereketli Satış'!$E:$E,E19,'Bereketli Satış'!$F:$F,F19,'Bereketli Satış'!$L:$L,$K$4) -> 0 | L19: =COUNTIFS('Bereketli Satış'!$D:$D,D19,'Bereketli Satış'!$E:$E,E19,'Bereketli Satış'!$F:$F,F19,'Bereketli Satış'!$L:$L,$L$4) -> 0 | M19: =SUM(H19:L19) -> 1 | N19: =COUNTIFS('Bereketli Satış'!$D:$D,D19,'Bereketli Satış'!$E:$E,E19,'Bereketli Satış'!$F:$F,F19,'Bereketli Satış'!$M:$M,$N$4) -> 0 | O19: =COUNTIFS('Bereketli Satış'!$D:$D,D19,'Bereketli Satış'!$E:$E,E19,'Bereketli Satış'!$F:$F,F19,'Bereketli Satış'!$M:$M,$O$4) -> 0 | P19: =COUNTIFS('Bereketli Satış'!$D:$D,D19,'Bereketli Satış'!$E:$E,E19,'Bereketli Satış'!$F:$F,F19,'Bereketli Satış'!$M:$M,$P$4) -> 0 | Q19: =COUNTIFS('Bereketli Satış'!$D:$D,D19,'Bereketli Satış'!$E:$E,E19,'Bereketli Satış'!$F:$F,F19,'Bereketli Satış'!$M:$M,$Q$4) -> 0 | R19: =COUNTIFS('Bereketli Satış'!$D:$D,D19,'Bereketli Satış'!$E:$E,E19,'Bereketli Satış'!$F:$F,F19,'Bereketli Satış'!$M:$M,$R$4) -> 0 | S19: =COUNTIFS('Bereketli Satış'!$D:$D,D19,'Bereketli Satış'!$E:$E,E19,'Bereketli Satış'!$F:$F,F19,'Bereketli Satış'!$M:$M,$S$4) -> 0 | T19: =COUNTIFS('Bereketli Satış'!$D:$D,D19,'Bereketli Satış'!$E:$E,E19,'Bereketli Satış'!$F:$F,F19,'Bereketli Satış'!$M:$M,$T$4) -> 0 | U19: =COUNTIFS('Bereketli Satış'!$D:$D,D19,'Bereketli Satış'!$E:$E,E19,'Bereketli Satış'!$F:$F,F19,'Bereketli Satış'!$M:$M,$U$4) -> 1 | V19: =COUNTIFS('Bereketli Satış'!$D:$D,D19,'Bereketli Satış'!$E:$E,E19,'Bereketli Satış'!$F:$F,F19,'Bereketli Satış'!$M:$M,$V$4) -> 0 | W19: =SUM(N19:V19) -> 1 | AB19: =IF(M19=W19,"Uygun","Verilerde Hata Var") -> Uygun
D20: ÇANAKKALE | E20: BİGA | F20: KAHVETEPE | G20: =COUNTIFS('Bereketli Satış'!D:D,D20,'Bereketli Satış'!$E:$E,E20,'Bereketli Satış'!$F:$F,F20) -> 1 | H20: =COUNTIFS('Bereketli Satış'!$D:$D,D20,'Bereketli Satış'!$E:$E,E20,'Bereketli Satış'!$F:$F,F20,'Bereketli Satış'!$L:$L,$H$4) -> 0 | I20: =COUNTIFS('Bereketli Satış'!$D:$D,D20,'Bereketli Satış'!$E:$E,E20,'Bereketli Satış'!$F:$F,F20,'Bereketli Satış'!$L:$L,$I$4) -> 1 | J20: =COUNTIFS('Bereketli Satış'!$D:$D,D20,'Bereketli Satış'!$E:$E,E20,'Bereketli Satış'!$F:$F,F20,'Bereketli Satış'!$L:$L,$J$4) -> 0 | K20: =COUNTIFS('Bereketli Satış'!$D:$D,D20,'Bereketli Satış'!$E:$E,E20,'Bereketli Satış'!$F:$F,F20,'Bereketli Satış'!$L:$L,$K$4) -> 0 | L20: =COUNTIFS('Bereketli Satış'!$D:$D,D20,'Bereketli Satış'!$E:$E,E20,'Bereketli Satış'!$F:$F,F20,'Bereketli Satış'!$L:$L,$L$4) -> 0 | M20: =SUM(H20:L20) -> 1 | N20: =COUNTIFS('Bereketli Satış'!$D:$D,D20,'Bereketli Satış'!$E:$E,E20,'Bereketli Satış'!$F:$F,F20,'Bereketli Satış'!$M:$M,$N$4) -> 0 | O20: =COUNTIFS('Bereketli Satış'!$D:$D,D20,'Bereketli Satış'!$E:$E,E20,'Bereketli Satış'!$F:$F,F20,'Bereketli Satış'!$M:$M,$O$4) -> 0 | P20: =COUNTIFS('Bereketli Satış'!$D:$D,D20,'Bereketli Satış'!$E:$E,E20,'Bereketli Satış'!$F:$F,F20,'Bereketli Satış'!$M:$M,$P$4) -> 1 | Q20: =COUNTIFS('Bereketli Satış'!$D:$D,D20,'Bereketli Satış'!$E:$E,E20,'Bereketli Satış'!$F:$F,F20,'Bereketli Satış'!$M:$M,$Q$4) -> 0 | R20: =COUNTIFS('Bereketli Satış'!$D:$D,D20,'Bereketli Satış'!$E:$E,E20,'Bereketli Satış'!$F:$F,F20,'Bereketli Satış'!$M:$M,$R$4) -> 0 | S20: =COUNTIFS('Bereketli Satış'!$D:$D,D20,'Bereketli Satış'!$E:$E,E20,'Bereketli Satış'!$F:$F,F20,'Bereketli Satış'!$M:$M,$S$4) -> 0 | T20: =COUNTIFS('Bereketli Satış'!$D:$D,D20,'Bereketli Satış'!$E:$E,E20,'Bereketli Satış'!$F:$F,F20,'Bereketli Satış'!$M:$M,$T$4) -> 0 | U20: =COUNTIFS('Bereketli Satış'!$D:$D,D20,'Bereketli Satış'!$E:$E,E20,'Bereketli Satış'!$F:$F,F20,'Bereketli Satış'!$M:$M,$U$4) -> 0 | V20: =COUNTIFS('Bereketli Satış'!$D:$D,D20,'Bereketli Satış'!$E:$E,E20,'Bereketli Satış'!$F:$F,F20,'Bereketli Satış'!$M:$M,$V$4) -> 0 | W20: =SUM(N20:V20) -> 1 | AB20: =IF(M20=W20,"Uygun","Verilerde Hata Var") -> Uygun
D21: ÇANAKKALE | E21: ÇAN | F21: İSTİKLAL | G21: =COUNTIFS('Bereketli Satış'!D:D,D21,'Bereketli Satış'!$E:$E,E21,'Bereketli Satış'!$F:$F,F21) -> 1 | H21: =COUNTIFS('Bereketli Satış'!$D:$D,D21,'Bereketli Satış'!$E:$E,E21,'Bereketli Satış'!$F:$F,F21,'Bereketli Satış'!$L:$L,$H$4) -> 0 | I21: =COUNTIFS('Bereketli Satış'!$D:$D,D21,'Bereketli Satış'!$E:$E,E21,'Bereketli Satış'!$F:$F,F21,'Bereketli Satış'!$L:$L,$I$4) -> 0 | J21: =COUNTIFS('Bereketli Satış'!$D:$D,D21,'Bereketli Satış'!$E:$E,E21,'Bereketli Satış'!$F:$F,F21,'Bereketli Satış'!$L:$L,$J$4) -> 0 | K21: =COUNTIFS('Bereketli Satış'!$D:$D,D21,'Bereketli Satış'!$E:$E,E21,'Bereketli Satış'!$F:$F,F21,'Bereketli Satış'!$L:$L,$K$4) -> 1 | L21: =COUNTIFS('Bereketli Satış'!$D:$D,D21,'Bereketli Satış'!$E:$E,E21,'Bereketli Satış'!$F:$F,F21,'Bereketli Satış'!$L:$L,$L$4) -> 0 | M21: =SUM(H21:L21) -> 1 | N21: =COUNTIFS('Bereketli Satış'!$D:$D,D21,'Bereketli Satış'!$E:$E,E21,'Bereketli Satış'!$F:$F,F21,'Bereketli Satış'!$M:$M,$N$4) -> 0 | O21: =COUNTIFS('Bereketli Satış'!$D:$D,D21,'Bereketli Satış'!$E:$E,E21,'Bereketli Satış'!$F:$F,F21,'Bereketli Satış'!$M:$M,$O$4) -> 0 | P21: =COUNTIFS('Bereketli Satış'!$D:$D,D21,'Bereketli Satış'!$E:$E,E21,'Bereketli Satış'!$F:$F,F21,'Bereketli Satış'!$M:$M,$P$4) -> 0 | Q21: =COUNTIFS('Bereketli Satış'!$D:$D,D21,'Bereketli Satış'!$E:$E,E21,'Bereketli Satış'!$F:$F,F21,'Bereketli Satış'!$M:$M,$Q$4) -> 0 | R21: =COUNTIFS('Bereketli Satış'!$D:$D,D21,'Bereketli Satış'!$E:$E,E21,'Bereketli Satış'!$F:$F,F21,'Bereketli Satış'!$M:$M,$R$4) -> 0 | S21: =COUNTIFS('Bereketli Satış'!$D:$D,D21,'Bereketli Satış'!$E:$E,E21,'Bereketli Satış'!$F:$F,F21,'Bereketli Satış'!$M:$M,$S$4) -> 0 | T21: =COUNTIFS('Bereketli Satış'!$D:$D,D21,'Bereketli Satış'!$E:$E,E21,'Bereketli Satış'!$F:$F,F21,'Bereketli Satış'!$M:$M,$T$4) -> 0 | U21: =COUNTIFS('Bereketli Satış'!$D:$D,D21,'Bereketli Satış'!$E:$E,E21,'Bereketli Satış'!$F:$F,F21,'Bereketli Satış'!$M:$M,$U$4) -> 1 | V21: =COUNTIFS('Bereketli Satış'!$D:$D,D21,'Bereketli Satış'!$E:$E,E21,'Bereketli Satış'!$F:$F,F21,'Bereketli Satış'!$M:$M,$V$4) -> 0 | W21: =SUM(N21:V21) -> 1 | AB21: =IF(M21=W21,"Uygun","Verilerde Hata Var") -> Uygun
D22: ÇANAKKALE | E22: YENİCE | F22: KARAKÖY | G22: =COUNTIFS('Bereketli Satış'!D:D,D22,'Bereketli Satış'!$E:$E,E22,'Bereketli Satış'!$F:$F,F22) -> 1 | H22: =COUNTIFS('Bereketli Satış'!$D:$D,D22,'Bereketli Satış'!$E:$E,E22,'Bereketli Satış'!$F:$F,F22,'Bereketli Satış'!$L:$L,$H$4) -> 0 | I22: =COUNTIFS('Bereketli Satış'!$D:$D,D22,'Bereketli Satış'!$E:$E,E22,'Bereketli Satış'!$F:$F,F22,'Bereketli Satış'!$L:$L,$I$4) -> 0 | J22: =COUNTIFS('Bereketli Satış'!$D:$D,D22,'Bereketli Satış'!$E:$E,E22,'Bereketli Satış'!$F:$F,F22,'Bereketli Satış'!$L:$L,$J$4) -> 1 | K22: =COUNTIFS('Bereketli Satış'!$D:$D,D22,'Bereketli Satış'!$E:$E,E22,'Bereketli Satış'!$F:$F,F22,'Bereketli Satış'!$L:$L,$K$4) -> 0 | L22: =COUNTIFS('Bereketli Satış'!$D:$D,D22,'Bereketli Satış'!$E:$E,E22,'Bereketli Satış'!$F:$F,F22,'Bereketli Satış'!$L:$L,$L$4) -> 0 | M22: =SUM(H22:L22) -> 1 | N22: =COUNTIFS('Bereketli Satış'!$D:$D,D22,'Bereketli Satış'!$E:$E,E22,'Bereketli Satış'!$F:$F,F22,'Bereketli Satış'!$M:$M,$N$4) -> 0 | O22: =COUNTIFS('Bereketli Satış'!$D:$D,D22,'Bereketli Satış'!$E:$E,E22,'Bereketli Satış'!$F:$F,F22,'Bereketli Satış'!$M:$M,$O$4) -> 1 | P22: =COUNTIFS('Bereketli Satış'!$D:$D,D22,'Bereketli Satış'!$E:$E,E22,'Bereketli Satış'!$F:$F,F22,'Bereketli Satış'!$M:$M,$P$4) -> 0 | Q22: =COUNTIFS('Bereketli Satış'!$D:$D,D22,'Bereketli Satış'!$E:$E,E22,'Bereketli Satış'!$F:$F,F22,'Bereketli Satış'!$M:$M,$Q$4) -> 0 | R22: =COUNTIFS('Bereketli Satış'!$D:$D,D22,'Bereketli Satış'!$E:$E,E22,'Bereketli Satış'!$F:$F,F22,'Bereketli Satış'!$M:$M,$R$4) -> 0 | S22: =COUNTIFS('Bereketli Satış'!$D:$D,D22,'Bereketli Satış'!$E:$E,E22,'Bereketli Satış'!$F:$F,F22,'Bereketli Satış'!$M:$M,$S$4) -> 0 | T22: =COUNTIFS('Bereketli Satış'!$D:$D,D22,'Bereketli Satış'!$E:$E,E22,'Bereketli Satış'!$F:$F,F22,'Bereketli Satış'!$M:$M,$T$4) -> 0 | U22: =COUNTIFS('Bereketli Satış'!$D:$D,D22,'Bereketli Satış'!$E:$E,E22,'Bereketli Satış'!$F:$F,F22,'Bereketli Satış'!$M:$M,$U$4) -> 0 | V22: =COUNTIFS('Bereketli Satış'!$D:$D,D22,'Bereketli Satış'!$E:$E,E22,'Bereketli Satış'!$F:$F,F22,'Bereketli Satış'!$M:$M,$V$4) -> 0 | W22: =SUM(N22:V22) -> 1 | AB22: =IF(M22=W22,"Uygun","Verilerde Hata Var") -> Uygun
D23: MANİSA | E23: AKHİSAR | F23: KOCAKAĞAN | G23: =COUNTIFS('Bereketli Satış'!D:D,D23,'Bereketli Satış'!$E:$E,E23,'Bereketli Satış'!$F:$F,F23) -> 1 | H23: =COUNTIFS('Bereketli Satış'!$D:$D,D23,'Bereketli Satış'!$E:$E,E23,'Bereketli Satış'!$F:$F,F23,'Bereketli Satış'!$L:$L,$H$4) -> 1 | I23: =COUNTIFS('Bereketli Satış'!$D:$D,D23,'Bereketli Satış'!$E:$E,E23,'Bereketli Satış'!$F:$F,F23,'Bereketli Satış'!$L:$L,$I$4) -> 0 | J23: =COUNTIFS('Bereketli Satış'!$D:$D,D23,'Bereketli Satış'!$E:$E,E23,'Bereketli Satış'!$F:$F,F23,'Bereketli Satış'!$L:$L,$J$4) -> 0 | K23: =COUNTIFS('Bereketli Satış'!$D:$D,D23,'Bereketli Satış'!$E:$E,E23,'Bereketli Satış'!$F:$F,F23,'Bereketli Satış'!$L:$L,$K$4) -> 0 | L23: =COUNTIFS('Bereketli Satış'!$D:$D,D23,'Bereketli Satış'!$E:$E,E23,'Bereketli Satış'!$F:$F,F23,'Bereketli Satış'!$L:$L,$L$4) -> 0 | M23: =SUM(H23:L23) -> 1 | N23: =COUNTIFS('Bereketli Satış'!$D:$D,D23,'Bereketli Satış'!$E:$E,E23,'Bereketli Satış'!$F:$F,F23,'Bereketli Satış'!$M:$M,$N$4) -> 0 | O23: =COUNTIFS('Bereketli Satış'!$D:$D,D23,'Bereketli Satış'!$E:$E,E23,'Bereketli Satış'!$F:$F,F23,'Bereketli Satış'!$M:$M,$O$4) -> 0 | P23: =COUNTIFS('Bereketli Satış'!$D:$D,D23,'Bereketli Satış'!$E:$E,E23,'Bereketli Satış'!$F:$F,F23,'Bereketli Satış'!$M:$M,$P$4) -> 0 | Q23: =COUNTIFS('Bereketli Satış'!$D:$D,D23,'Bereketli Satış'!$E:$E,E23,'Bereketli Satış'!$F:$F,F23,'Bereketli Satış'!$M:$M,$Q$4) -> 0 | R23: =COUNTIFS('Bereketli Satış'!$D:$D,D23,'Bereketli Satış'!$E:$E,E23,'Bereketli Satış'!$F:$F,F23,'Bereketli Satış'!$M:$M,$R$4) -> 0 | S23: =COUNTIFS('Bereketli Satış'!$D:$D,D23,'Bereketli Satış'!$E:$E,E23,'Bereketli Satış'!$F:$F,F23,'Bereketli Satış'!$M:$M,$S$4) -> 0 | T23: =COUNTIFS('Bereketli Satış'!$D:$D,D23,'Bereketli Satış'!$E:$E,E23,'Bereketli Satış'!$F:$F,F23,'Bereketli Satış'!$M:$M,$T$4) -> 0 | U23: =COUNTIFS('Bereketli Satış'!$D:$D,D23,'Bereketli Satış'!$E:$E,E23,'Bereketli Satış'!$F:$F,F23,'Bereketli Satış'!$M:$M,$U$4) -> 1 | V23: =COUNTIFS('Bereketli Satış'!$D:$D,D23,'Bereketli Satış'!$E:$E,E23,'Bereketli Satış'!$F:$F,F23,'Bereketli Satış'!$M:$M,$V$4) -> 0 | W23: =SUM(N23:V23) -> 1 | AB23: =IF(M23=W23,"Uygun","Verilerde Hata Var") -> Uygun
D24: MANİSA | E24: AKHİSAR | F24: MİLİNGE | G24: =COUNTIFS('Bereketli Satış'!D:D,D24,'Bereketli Satış'!$E:$E,E24,'Bereketli Satış'!$F:$F,F24) -> 1 | H24: =COUNTIFS('Bereketli Satış'!$D:$D,D24,'Bereketli Satış'!$E:$E,E24,'Bereketli Satış'!$F:$F,F24,'Bereketli Satış'!$L:$L,$H$4) -> 0 | I24: =COUNTIFS('Bereketli Satış'!$D:$D,D24,'Bereketli Satış'!$E:$E,E24,'Bereketli Satış'!$F:$F,F24,'Bereketli Satış'!$L:$L,$I$4) -> 0 | J24: =COUNTIFS('Bereketli Satış'!$D:$D,D24,'Bereketli Satış'!$E:$E,E24,'Bereketli Satış'!$F:$F,F24,'Bereketli Satış'!$L:$L,$J$4) -> 1 | K24: =COUNTIFS('Bereketli Satış'!$D:$D,D24,'Bereketli Satış'!$E:$E,E24,'Bereketli Satış'!$F:$F,F24,'Bereketli Satış'!$L:$L,$K$4) -> 0 | L24: =COUNTIFS('Bereketli Satış'!$D:$D,D24,'Bereketli Satış'!$E:$E,E24,'Bereketli Satış'!$F:$F,F24,'Bereketli Satış'!$L:$L,$L$4) -> 0 | M24: =SUM(H24:L24) -> 1 | N24: =COUNTIFS('Bereketli Satış'!$D:$D,D24,'Bereketli Satış'!$E:$E,E24,'Bereketli Satış'!$F:$F,F24,'Bereketli Satış'!$M:$M,$N$4) -> 0 | O24: =COUNTIFS('Bereketli Satış'!$D:$D,D24,'Bereketli Satış'!$E:$E,E24,'Bereketli Satış'!$F:$F,F24,'Bereketli Satış'!$M:$M,$O$4) -> 0 | P24: =COUNTIFS('Bereketli Satış'!$D:$D,D24,'Bereketli Satış'!$E:$E,E24,'Bereketli Satış'!$F:$F,F24,'Bereketli Satış'!$M:$M,$P$4) -> 1 | Q24: =COUNTIFS('Bereketli Satış'!$D:$D,D24,'Bereketli Satış'!$E:$E,E24,'Bereketli Satış'!$F:$F,F24,'Bereketli Satış'!$M:$M,$Q$4) -> 0 | R24: =COUNTIFS('Bereketli Satış'!$D:$D,D24,'Bereketli Satış'!$E:$E,E24,'Bereketli Satış'!$F:$F,F24,'Bereketli Satış'!$M:$M,$R$4) -> 0 | S24: =COUNTIFS('Bereketli Satış'!$D:$D,D24,'Bereketli Satış'!$E:$E,E24,'Bereketli Satış'!$F:$F,F24,'Bereketli Satış'!$M:$M,$S$4) -> 0 | T24: =COUNTIFS('Bereketli Satış'!$D:$D,D24,'Bereketli Satış'!$E:$E,E24,'Bereketli Satış'!$F:$F,F24,'Bereketli Satış'!$M:$M,$T$4) -> 0 | U24: =COUNTIFS('Bereketli Satış'!$D:$D,D24,'Bereketli Satış'!$E:$E,E24,'Bereketli Satış'!$F:$F,F24,'Bereketli Satış'!$M:$M,$U$4) -> 0 | V24: =COUNTIFS('Bereketli Satış'!$D:$D,D24,'Bereketli Satış'!$E:$E,E24,'Bereketli Satış'!$F:$F,F24,'Bereketli Satış'!$M:$M,$V$4) -> 0 | W24: =SUM(N24:V24) -> 1 | AB24: =IF(M24=W24,"Uygun","Verilerde Hata Var") -> Uygun
D25: MANİSA | E25: ALAŞEHİR | F25: KEMALİYE | G25: =COUNTIFS('Bereketli Satış'!D:D,D25,'Bereketli Satış'!$E:$E,E25,'Bereketli Satış'!$F:$F,F25) -> 1 | H25: =COUNTIFS('Bereketli Satış'!$D:$D,D25,'Bereketli Satış'!$E:$E,E25,'Bereketli Satış'!$F:$F,F25,'Bereketli Satış'!$L:$L,$H$4) -> 0 | I25: =COUNTIFS('Bereketli Satış'!$D:$D,D25,'Bereketli Satış'!$E:$E,E25,'Bereketli Satış'!$F:$F,F25,'Bereketli Satış'!$L:$L,$I$4) -> 0 | J25: =COUNTIFS('Bereketli Satış'!$D:$D,D25,'Bereketli Satış'!$E:$E,E25,'Bereketli Satış'!$F:$F,F25,'Bereketli Satış'!$L:$L,$J$4) -> 1 | K25: =COUNTIFS('Bereketli Satış'!$D:$D,D25,'Bereketli Satış'!$E:$E,E25,'Bereketli Satış'!$F:$F,F25,'Bereketli Satış'!$L:$L,$K$4) -> 0 | L25: =COUNTIFS('Bereketli Satış'!$D:$D,D25,'Bereketli Satış'!$E:$E,E25,'Bereketli Satış'!$F:$F,F25,'Bereketli Satış'!$L:$L,$L$4) -> 0 | M25: =SUM(H25:L25) -> 1 | N25: =COUNTIFS('Bereketli Satış'!$D:$D,D25,'Bereketli Satış'!$E:$E,E25,'Bereketli Satış'!$F:$F,F25,'Bereketli Satış'!$M:$M,$N$4) -> 0 | O25: =COUNTIFS('Bereketli Satış'!$D:$D,D25,'Bereketli Satış'!$E:$E,E25,'Bereketli Satış'!$F:$F,F25,'Bereketli Satış'!$M:$M,$O$4) -> 0 | P25: =COUNTIFS('Bereketli Satış'!$D:$D,D25,'Bereketli Satış'!$E:$E,E25,'Bereketli Satış'!$F:$F,F25,'Bereketli Satış'!$M:$M,$P$4) -> 1 | Q25: =COUNTIFS('Bereketli Satış'!$D:$D,D25,'Bereketli Satış'!$E:$E,E25,'Bereketli Satış'!$F:$F,F25,'Bereketli Satış'!$M:$M,$Q$4) -> 0 | R25: =COUNTIFS('Bereketli Satış'!$D:$D,D25,'Bereketli Satış'!$E:$E,E25,'Bereketli Satış'!$F:$F,F25,'Bereketli Satış'!$M:$M,$R$4) -> 0 | S25: =COUNTIFS('Bereketli Satış'!$D:$D,D25,'Bereketli Satış'!$E:$E,E25,'Bereketli Satış'!$F:$F,F25,'Bereketli Satış'!$M:$M,$S$4) -> 0 | T25: =COUNTIFS('Bereketli Satış'!$D:$D,D25,'Bereketli Satış'!$E:$E,E25,'Bereketli Satış'!$F:$F,F25,'Bereketli Satış'!$M:$M,$T$4) -> 0 | U25: =COUNTIFS('Bereketli Satış'!$D:$D,D25,'Bereketli Satış'!$E:$E,E25,'Bereketli Satış'!$F:$F,F25,'Bereketli Satış'!$M:$M,$U$4) -> 0 | V25: =COUNTIFS('Bereketli Satış'!$D:$D,D25,'Bereketli Satış'!$E:$E,E25,'Bereketli Satış'!$F:$F,F25,'Bereketli Satış'!$M:$M,$V$4) -> 0 | W25: =SUM(N25:V25) -> 1 | AB25: =IF(M25=W25,"Uygun","Verilerde Hata Var") -> Uygun
D26: MANİSA | E26: ALAŞEHİR | F26: KİLLİK | G26: =COUNTIFS('Bereketli Satış'!D:D,D26,'Bereketli Satış'!$E:$E,E26,'Bereketli Satış'!$F:$F,F26) -> 1 | H26: =COUNTIFS('Bereketli Satış'!$D:$D,D26,'Bereketli Satış'!$E:$E,E26,'Bereketli Satış'!$F:$F,F26,'Bereketli Satış'!$L:$L,$H$4) -> 0 | I26: =COUNTIFS('Bereketli Satış'!$D:$D,D26,'Bereketli Satış'!$E:$E,E26,'Bereketli Satış'!$F:$F,F26,'Bereketli Satış'!$L:$L,$I$4) -> 0 | J26: =COUNTIFS('Bereketli Satış'!$D:$D,D26,'Bereketli Satış'!$E:$E,E26,'Bereketli Satış'!$F:$F,F26,'Bereketli Satış'!$L:$L,$J$4) -> 1 | K26: =COUNTIFS('Bereketli Satış'!$D:$D,D26,'Bereketli Satış'!$E:$E,E26,'Bereketli Satış'!$F:$F,F26,'Bereketli Satış'!$L:$L,$K$4) -> 0 | L26: =COUNTIFS('Bereketli Satış'!$D:$D,D26,'Bereketli Satış'!$E:$E,E26,'Bereketli Satış'!$F:$F,F26,'Bereketli Satış'!$L:$L,$L$4) -> 0 | M26: =SUM(H26:L26) -> 1 | N26: =COUNTIFS('Bereketli Satış'!$D:$D,D26,'Bereketli Satış'!$E:$E,E26,'Bereketli Satış'!$F:$F,F26,'Bereketli Satış'!$M:$M,$N$4) -> 0 | O26: =COUNTIFS('Bereketli Satış'!$D:$D,D26,'Bereketli Satış'!$E:$E,E26,'Bereketli Satış'!$F:$F,F26,'Bereketli Satış'!$M:$M,$O$4) -> 0 | P26: =COUNTIFS('Bereketli Satış'!$D:$D,D26,'Bereketli Satış'!$E:$E,E26,'Bereketli Satış'!$F:$F,F26,'Bereketli Satış'!$M:$M,$P$4) -> 1 | Q26: =COUNTIFS('Bereketli Satış'!$D:$D,D26,'Bereketli Satış'!$E:$E,E26,'Bereketli Satış'!$F:$F,F26,'Bereketli Satış'!$M:$M,$Q$4) -> 0 | R26: =COUNTIFS('Bereketli Satış'!$D:$D,D26,'Bereketli Satış'!$E:$E,E26,'Bereketli Satış'!$F:$F,F26,'Bereketli Satış'!$M:$M,$R$4) -> 0 | S26: =COUNTIFS('Bereketli Satış'!$D:$D,D26,'Bereketli Satış'!$E:$E,E26,'Bereketli Satış'!$F:$F,F26,'Bereketli Satış'!$M:$M,$S$4) -> 0 | T26: =COUNTIFS('Bereketli Satış'!$D:$D,D26,'Bereketli Satış'!$E:$E,E26,'Bereketli Satış'!$F:$F,F26,'Bereketli Satış'!$M:$M,$T$4) -> 0 | U26: =COUNTIFS('Bereketli Satış'!$D:$D,D26,'Bereketli Satış'!$E:$E,E26,'Bereketli Satış'!$F:$F,F26,'Bereketli Satış'!$M:$M,$U$4) -> 0 | V26: =COUNTIFS('Bereketli Satış'!$D:$D,D26,'Bereketli Satış'!$E:$E,E26,'Bereketli Satış'!$F:$F,F26,'Bereketli Satış'!$M:$M,$V$4) -> 0 | W26: =SUM(N26:V26) -> 1 | AB26: =IF(M26=W26,"Uygun","Verilerde Hata Var") -> Uygun
D27: MANİSA | E27: ALAŞEHİR | F27: YEŞİLYURT | G27: =COUNTIFS('Bereketli Satış'!D:D,D27,'Bereketli Satış'!$E:$E,E27,'Bereketli Satış'!$F:$F,F27) -> 1 | H27: =COUNTIFS('Bereketli Satış'!$D:$D,D27,'Bereketli Satış'!$E:$E,E27,'Bereketli Satış'!$F:$F,F27,'Bereketli Satış'!$L:$L,$H$4) -> 1 | I27: =COUNTIFS('Bereketli Satış'!$D:$D,D27,'Bereketli Satış'!$E:$E,E27,'Bereketli Satış'!$F:$F,F27,'Bereketli Satış'!$L:$L,$I$4) -> 0 | J27: =COUNTIFS('Bereketli Satış'!$D:$D,D27,'Bereketli Satış'!$E:$E,E27,'Bereketli Satış'!$F:$F,F27,'Bereketli Satış'!$L:$L,$J$4) -> 0 | K27: =COUNTIFS('Bereketli Satış'!$D:$D,D27,'Bereketli Satış'!$E:$E,E27,'Bereketli Satış'!$F:$F,F27,'Bereketli Satış'!$L:$L,$K$4) -> 0 | L27: =COUNTIFS('Bereketli Satış'!$D:$D,D27,'Bereketli Satış'!$E:$E,E27,'Bereketli Satış'!$F:$F,F27,'Bereketli Satış'!$L:$L,$L$4) -> 0 | M27: =SUM(H27:L27) -> 1 | N27: =COUNTIFS('Bereketli Satış'!$D:$D,D27,'Bereketli Satış'!$E:$E,E27,'Bereketli Satış'!$F:$F,F27,'Bereketli Satış'!$M:$M,$N$4) -> 0 | O27: =COUNTIFS('Bereketli Satış'!$D:$D,D27,'Bereketli Satış'!$E:$E,E27,'Bereketli Satış'!$F:$F,F27,'Bereketli Satış'!$M:$M,$O$4) -> 0 | P27: =COUNTIFS('Bereketli Satış'!$D:$D,D27,'Bereketli Satış'!$E:$E,E27,'Bereketli Satış'!$F:$F,F27,'Bereketli Satış'!$M:$M,$P$4) -> 0 | Q27: =COUNTIFS('Bereketli Satış'!$D:$D,D27,'Bereketli Satış'!$E:$E,E27,'Bereketli Satış'!$F:$F,F27,'Bereketli Satış'!$M:$M,$Q$4) -> 0 | R27: =COUNTIFS('Bereketli Satış'!$D:$D,D27,'Bereketli Satış'!$E:$E,E27,'Bereketli Satış'!$F:$F,F27,'Bereketli Satış'!$M:$M,$R$4) -> 0 | S27: =COUNTIFS('Bereketli Satış'!$D:$D,D27,'Bereketli Satış'!$E:$E,E27,'Bereketli Satış'!$F:$F,F27,'Bereketli Satış'!$M:$M,$S$4) -> 0 | T27: =COUNTIFS('Bereketli Satış'!$D:$D,D27,'Bereketli Satış'!$E:$E,E27,'Bereketli Satış'!$F:$F,F27,'Bereketli Satış'!$M:$M,$T$4) -> 0 | U27: =COUNTIFS('Bereketli Satış'!$D:$D,D27,'Bereketli Satış'!$E:$E,E27,'Bereketli Satış'!$F:$F,F27,'Bereketli Satış'!$M:$M,$U$4) -> 1 | V27: =COUNTIFS('Bereketli Satış'!$D:$D,D27,'Bereketli Satış'!$E:$E,E27,'Bereketli Satış'!$F:$F,F27,'Bereketli Satış'!$M:$M,$V$4) -> 0 | W27: =SUM(N27:V27) -> 1 | AB27: =IF(M27=W27,"Uygun","Verilerde Hata Var") -> Uygun
... D72: BALIKESİR | E72: SUSURLUK | F72: ÜMİTELİ | G72: =COUNTIFS('Bereketli Satış'!D:D,D72,'Bereketli Satış'!$E:$E,E72,'Bereketli Satış'!$F:$F,F72) -> 1 | H72: =COUNTIFS('Bereketli Satış'!$D:$D,D72,'Bereketli Satış'!$E:$E,E72,'Bereketli Satış'!$F:$F,F72,'Bereketli Satış'!$L:$L,$H$4) -> 0 | I72: =COUNTIFS('Bereketli Satış'!$D:$D,D72,'Bereketli Satış'!$E:$E,E72,'Bereketli Satış'!$F:$F,F72,'Bereketli Satış'!$L:$L,$I$4) -> 0 | J72: =COUNTIFS('Bereketli Satış'!$D:$D,D72,'Bereketli Satış'!$E:$E,E72,'Bereketli Satış'!$F:$F,F72,'Bereketli Satış'!$L:$L,$J$4) -> 1 | K72: =COUNTIFS('Bereketli Satış'!$D:$D,D72,'Bereketli Satış'!$E:$E,E72,'Bereketli Satış'!$F:$F,F72,'Bereketli Satış'!$L:$L,$K$4) -> 0 | L72: =COUNTIFS('Bereketli Satış'!$D:$D,D72,'Bereketli Satış'!$E:$E,E72,'Bereketli Satış'!$F:$F,F72,'Bereketli Satış'!$L:$L,$L$4) -> 0 | M72: =SUM(H72:L72) -> 1 | N72: =COUNTIFS('Bereketli Satış'!$D:$D,D72,'Bereketli Satış'!$E:$E,E72,'Bereketli Satış'!$F:$F,F72,'Bereketli Satış'!$M:$M,$N$4) -> 1 | O72: =COUNTIFS('Bereketli Satış'!$D:$D,D72,'Bereketli Satış'!$E:$E,E72,'Bereketli Satış'!$F:$F,F72,'Bereketli Satış'!$M:$M,$O$4) -> 0 | P72: =COUNTIFS('Bereketli Satış'!$D:$D,D72,'Bereketli Satış'!$E:$E,E72,'Bereketli Satış'!$F:$F,F72,'Bereketli Satış'!$M:$M,$P$4) -> 0 | Q72: =COUNTIFS('Bereketli Satış'!$D:$D,D72,'Bereketli Satış'!$E:$E,E72,'Bereketli Satış'!$F:$F,F72,'Bereketli Satış'!$M:$M,$Q$4) -> 0 | R72: =COUNTIFS('Bereketli Satış'!$D:$D,D72,'Bereketli Satış'!$E:$E,E72,'Bereketli Satış'!$F:$F,F72,'Bereketli Satış'!$M:$M,$R$4) -> 0 | S72: =COUNTIFS('Bereketli Satış'!$D:$D,D72,'Bereketli Satış'!$E:$E,E72,'Bereketli Satış'!$F:$F,F72,'Bereketli Satış'!$M:$M,$S$4) -> 0 | T72: =COUNTIFS('Bereketli Satış'!$D:$D,D72,'Bereketli Satış'!$E:$E,E72,'Bereketli Satış'!$F:$F,F72,'Bereketli Satış'!$M:$M,$T$4) -> 0 | U72: =COUNTIFS('Bereketli Satış'!$D:$D,D72,'Bereketli Satış'!$E:$E,E72,'Bereketli Satış'!$F:$F,F72,'Bereketli Satış'!$M:$M,$U$4) -> 0 | V72: =COUNTIFS('Bereketli Satış'!$D:$D,D72,'Bereketli Satış'!$E:$E,E72,'Bereketli Satış'!$F:$F,F72,'Bereketli Satış'!$M:$M,$V$4) -> 0 | W72: =SUM(N72:V72) -> 1 | AB72: =IF(M72=W72,"Uygun","Verilerde Hata Var") -> Uygun
F73: Ara toplam | H73: =SUM(H6:H72) -> 29 | I73: =SUM(I6:I72) -> 11 | J73: =SUM(J6:J72) -> 19 | K73: =SUM(K6:K72) -> 4 | L73: =SUM(L6:L72) -> 4 | M73: =SUM(M6:M72) -> 67 | N73: =SUM(N6:N72) -> 5 | O73: =SUM(O6:O72) -> 5 | ... V73: =SUM(V6:V72) -> 0
F74: Toplam | G74: =SUM(G6:G72) -> 67 | H74: =SUM(H6:L72) -> 67 | N74: =SUM(N6:V72) -> 67
